"data_seed","trial_seed","K","SNR","LAMBDA","FAMILY","SAMPLR"
111867,768,10,100,2,"poisson","gibbs"
623944,768,10,100,2,"poisson","gibbs"
671081,768,10,100,2,"poisson","gibbs"
365894,768,10,100,2,"poisson","gibbs"
183181,768,10,100,2,"poisson","gibbs"
26720,768,10,100,2,"poisson","gibbs"
490450,768,10,100,2,"poisson","gibbs"
595924,768,10,100,2,"poisson","gibbs"
956136,768,10,100,2,"poisson","gibbs"
358386,768,10,100,2,"poisson","gibbs"
179454,768,10,100,2,"poisson","gibbs"
992497,768,10,100,2,"poisson","gibbs"
30702,768,10,100,2,"poisson","gibbs"
723096,768,10,100,2,"poisson","gibbs"
44423,768,10,100,2,"poisson","gibbs"
282236,768,10,100,2,"poisson","gibbs"
57903,768,10,100,2,"poisson","gibbs"
657849,768,10,100,2,"poisson","gibbs"
900981,768,10,100,2,"poisson","gibbs"
481944,768,10,100,2,"poisson","gibbs"
718127,768,10,100,2,"poisson","gibbs"
670344,768,10,100,2,"poisson","gibbs"
369547,768,10,100,2,"poisson","gibbs"
987281,768,10,100,2,"poisson","gibbs"
357938,768,10,100,2,"poisson","gibbs"
278879,768,10,100,2,"poisson","gibbs"
295211,768,10,100,2,"poisson","gibbs"
725515,768,10,100,2,"poisson","gibbs"
523694,768,10,100,2,"poisson","gibbs"
898684,768,10,100,2,"poisson","gibbs"
554518,768,10,100,2,"poisson","gibbs"
180939,768,10,100,2,"poisson","gibbs"
987646,768,10,100,2,"poisson","gibbs"
84492,768,10,100,2,"poisson","gibbs"
280144,768,10,100,2,"poisson","gibbs"
386765,768,10,100,2,"poisson","gibbs"
667558,768,10,100,2,"poisson","gibbs"
532452,768,10,100,2,"poisson","gibbs"
230953,768,10,100,2,"poisson","gibbs"
632255,768,10,100,2,"poisson","gibbs"
538699,768,10,100,2,"poisson","gibbs"
714321,768,10,100,2,"poisson","gibbs"
777602,768,10,100,2,"poisson","gibbs"
175087,768,10,100,2,"poisson","gibbs"
783961,768,10,100,2,"poisson","gibbs"
957853,768,10,100,2,"poisson","gibbs"
881363,768,10,100,2,"poisson","gibbs"
943849,768,10,100,2,"poisson","gibbs"
169560,768,10,100,2,"poisson","gibbs"
149757,768,10,100,2,"poisson","gibbs"
151119,768,10,100,2,"poisson","gibbs"
644093,768,10,100,2,"poisson","gibbs"
667707,768,10,100,2,"poisson","gibbs"
669510,768,10,100,2,"poisson","gibbs"
210172,768,10,100,2,"poisson","gibbs"
189963,768,10,100,2,"poisson","gibbs"
477273,768,10,100,2,"poisson","gibbs"
776603,768,10,100,2,"poisson","gibbs"
773236,768,10,100,2,"poisson","gibbs"
525597,768,10,100,2,"poisson","gibbs"
979586,768,10,100,2,"poisson","gibbs"
989173,768,10,100,2,"poisson","gibbs"
526563,768,10,100,2,"poisson","gibbs"
96799,768,10,100,2,"poisson","gibbs"
568531,768,10,100,2,"poisson","gibbs"
140143,768,10,100,2,"poisson","gibbs"
589996,768,10,100,2,"poisson","gibbs"
931605,768,10,100,2,"poisson","gibbs"
199635,768,10,100,2,"poisson","gibbs"
408722,768,10,100,2,"poisson","gibbs"
369408,768,10,100,2,"poisson","gibbs"
746946,768,10,100,2,"poisson","gibbs"
112984,768,10,100,2,"poisson","gibbs"
122951,768,10,100,2,"poisson","gibbs"
719626,768,10,100,2,"poisson","gibbs"
860208,768,10,100,2,"poisson","gibbs"
240894,768,10,100,2,"poisson","gibbs"
664244,768,10,100,2,"poisson","gibbs"
318873,768,10,100,2,"poisson","gibbs"
781081,768,10,100,2,"poisson","gibbs"
659626,768,10,100,2,"poisson","gibbs"
234886,768,10,100,2,"poisson","gibbs"
245728,768,10,100,2,"poisson","gibbs"
694593,768,10,100,2,"poisson","gibbs"
243654,768,10,100,2,"poisson","gibbs"
561390,768,10,100,2,"poisson","gibbs"
796510,768,10,100,2,"poisson","gibbs"
621380,768,10,100,2,"poisson","gibbs"
470251,768,10,100,2,"poisson","gibbs"
624139,768,10,100,2,"poisson","gibbs"
999764,768,10,100,2,"poisson","gibbs"
760359,768,10,100,2,"poisson","gibbs"
120343,768,10,100,2,"poisson","gibbs"
321855,768,10,100,2,"poisson","gibbs"
771951,768,10,100,2,"poisson","gibbs"
955184,768,10,100,2,"poisson","gibbs"
398721,768,10,100,2,"poisson","gibbs"
194329,768,10,100,2,"poisson","gibbs"
983002,768,10,100,2,"poisson","gibbs"
146425,768,10,100,2,"poisson","gibbs"
807263,768,10,100,2,"poisson","gibbs"
702400,768,10,100,2,"poisson","gibbs"
799396,768,10,100,2,"poisson","gibbs"
530747,768,10,100,2,"poisson","gibbs"
460108,768,10,100,2,"poisson","gibbs"
152704,768,10,100,2,"poisson","gibbs"
998001,768,10,100,2,"poisson","gibbs"
557254,768,10,100,2,"poisson","gibbs"
492131,768,10,100,2,"poisson","gibbs"
412542,768,10,100,2,"poisson","gibbs"
257374,768,10,100,2,"poisson","gibbs"
164185,768,10,100,2,"poisson","gibbs"
871558,768,10,100,2,"poisson","gibbs"
631222,768,10,100,2,"poisson","gibbs"
963854,768,10,100,2,"poisson","gibbs"
943677,768,10,100,2,"poisson","gibbs"
954893,768,10,100,2,"poisson","gibbs"
897822,768,10,100,2,"poisson","gibbs"
421881,768,10,100,2,"poisson","gibbs"
997939,768,10,100,2,"poisson","gibbs"
775409,768,10,100,2,"poisson","gibbs"
752681,768,10,100,2,"poisson","gibbs"
141252,768,10,100,2,"poisson","gibbs"
249180,768,10,100,2,"poisson","gibbs"
585343,768,10,100,2,"poisson","gibbs"
434863,768,10,100,2,"poisson","gibbs"
114256,768,10,100,2,"poisson","gibbs"
760931,768,10,100,2,"poisson","gibbs"
892298,768,10,100,2,"poisson","gibbs"
145999,768,10,100,2,"poisson","gibbs"
381173,768,10,100,2,"poisson","gibbs"
169457,768,10,100,2,"poisson","gibbs"
999492,768,10,100,2,"poisson","gibbs"
172259,768,10,100,2,"poisson","gibbs"
548340,768,10,100,2,"poisson","gibbs"
588849,768,10,100,2,"poisson","gibbs"
927861,768,10,100,2,"poisson","gibbs"
640285,768,10,100,2,"poisson","gibbs"
487467,768,10,100,2,"poisson","gibbs"
253403,768,10,100,2,"poisson","gibbs"
131597,768,10,100,2,"poisson","gibbs"
449602,768,10,100,2,"poisson","gibbs"
788978,768,10,100,2,"poisson","gibbs"
949608,768,10,100,2,"poisson","gibbs"
361553,768,10,100,2,"poisson","gibbs"
305999,768,10,100,2,"poisson","gibbs"
367715,768,10,100,2,"poisson","gibbs"
302015,768,10,100,2,"poisson","gibbs"
58438,768,10,100,2,"poisson","gibbs"
910335,768,10,100,2,"poisson","gibbs"
149069,768,10,100,2,"poisson","gibbs"
534778,768,10,100,2,"poisson","gibbs"
342549,768,10,100,2,"poisson","gibbs"
704491,768,10,100,2,"poisson","gibbs"
535986,768,10,100,2,"poisson","gibbs"
932031,768,10,100,2,"poisson","gibbs"
943612,768,10,100,2,"poisson","gibbs"
809574,768,10,100,2,"poisson","gibbs"
565584,768,10,100,2,"poisson","gibbs"
689903,768,10,100,2,"poisson","gibbs"
413532,768,10,100,2,"poisson","gibbs"
402253,768,10,100,2,"poisson","gibbs"
11975,768,10,100,2,"poisson","gibbs"
233031,768,10,100,2,"poisson","gibbs"
217902,768,10,100,2,"poisson","gibbs"
808861,768,10,100,2,"poisson","gibbs"
541237,768,10,100,2,"poisson","gibbs"
223410,768,10,100,2,"poisson","gibbs"
335729,768,10,100,2,"poisson","gibbs"
656386,768,10,100,2,"poisson","gibbs"
696840,768,10,100,2,"poisson","gibbs"
297402,768,10,100,2,"poisson","gibbs"
396117,768,10,100,2,"poisson","gibbs"
499919,768,10,100,2,"poisson","gibbs"
979763,768,10,100,2,"poisson","gibbs"
793234,768,10,100,2,"poisson","gibbs"
753093,768,10,100,2,"poisson","gibbs"
605974,768,10,100,2,"poisson","gibbs"
291251,768,10,100,2,"poisson","gibbs"
348946,768,10,100,2,"poisson","gibbs"
364707,768,10,100,2,"poisson","gibbs"
372615,768,10,100,2,"poisson","gibbs"
128473,768,10,100,2,"poisson","gibbs"
953348,768,10,100,2,"poisson","gibbs"
115440,768,10,100,2,"poisson","gibbs"
1984,768,10,100,2,"poisson","gibbs"
317254,768,10,100,2,"poisson","gibbs"
732938,768,10,100,2,"poisson","gibbs"
27658,768,10,100,2,"poisson","gibbs"
13776,768,10,100,2,"poisson","gibbs"
304126,768,10,100,2,"poisson","gibbs"
392471,768,10,100,2,"poisson","gibbs"
866685,768,10,100,2,"poisson","gibbs"
178199,768,10,100,2,"poisson","gibbs"
496404,768,10,100,2,"poisson","gibbs"
379621,768,10,100,2,"poisson","gibbs"
190618,768,10,100,2,"poisson","gibbs"
994207,768,10,100,2,"poisson","gibbs"
28772,768,10,100,2,"poisson","gibbs"
973265,768,10,100,2,"poisson","gibbs"
771589,768,10,100,2,"poisson","gibbs"
494881,768,10,100,2,"poisson","gibbs"
392527,768,10,100,2,"poisson","gibbs"
105285,768,10,100,2,"poisson","gibbs"
355998,768,10,100,2,"poisson","gibbs"
780610,768,10,100,2,"poisson","gibbs"
637832,768,10,100,2,"poisson","gibbs"
789107,768,10,100,2,"poisson","gibbs"
807698,768,10,100,2,"poisson","gibbs"
66954,768,10,100,2,"poisson","gibbs"
462945,768,10,100,2,"poisson","gibbs"
720862,768,10,100,2,"poisson","gibbs"
674739,768,10,100,2,"poisson","gibbs"
200228,768,10,100,2,"poisson","gibbs"
416533,768,10,100,2,"poisson","gibbs"
219423,768,10,100,2,"poisson","gibbs"
24458,768,10,100,2,"poisson","gibbs"
113394,768,10,100,2,"poisson","gibbs"
269345,768,10,100,2,"poisson","gibbs"
507399,768,10,100,2,"poisson","gibbs"
368009,768,10,100,2,"poisson","gibbs"
85742,768,10,100,2,"poisson","gibbs"
983542,768,10,100,2,"poisson","gibbs"
23285,768,10,100,2,"poisson","gibbs"
628713,768,10,100,2,"poisson","gibbs"
15531,768,10,100,2,"poisson","gibbs"
145432,768,10,100,2,"poisson","gibbs"
526660,768,10,100,2,"poisson","gibbs"
541957,768,10,100,2,"poisson","gibbs"
804991,768,10,100,2,"poisson","gibbs"
603692,768,10,100,2,"poisson","gibbs"
216679,768,10,100,2,"poisson","gibbs"
622712,768,10,100,2,"poisson","gibbs"
288977,768,10,100,2,"poisson","gibbs"
666956,768,10,100,2,"poisson","gibbs"
760023,768,10,100,2,"poisson","gibbs"
306205,768,10,100,2,"poisson","gibbs"
575824,768,10,100,2,"poisson","gibbs"
112536,768,10,100,2,"poisson","gibbs"
949238,768,10,100,2,"poisson","gibbs"
642662,768,10,100,2,"poisson","gibbs"
430226,768,10,100,2,"poisson","gibbs"
546332,768,10,100,2,"poisson","gibbs"
358415,768,10,100,2,"poisson","gibbs"
87402,768,10,100,2,"poisson","gibbs"
984434,768,10,100,2,"poisson","gibbs"
19096,768,10,100,2,"poisson","gibbs"
448144,768,10,100,2,"poisson","gibbs"
270680,768,10,100,2,"poisson","gibbs"
94573,768,10,100,2,"poisson","gibbs"
472134,768,10,100,2,"poisson","gibbs"
745109,768,10,100,2,"poisson","gibbs"
284445,768,10,100,2,"poisson","gibbs"
536438,768,10,100,2,"poisson","gibbs"
766394,768,10,100,2,"poisson","gibbs"
672778,768,10,100,2,"poisson","gibbs"
846209,768,10,100,2,"poisson","gibbs"
706627,768,10,100,2,"poisson","gibbs"
73831,768,10,100,2,"poisson","gibbs"
947222,768,10,100,2,"poisson","gibbs"
416808,768,10,100,2,"poisson","gibbs"
906562,768,10,100,2,"poisson","gibbs"
186534,768,10,100,2,"poisson","gibbs"
460908,768,10,100,2,"poisson","gibbs"
262891,768,10,100,2,"poisson","gibbs"
649426,768,10,100,2,"poisson","gibbs"
250273,768,10,100,2,"poisson","gibbs"
780635,768,10,100,2,"poisson","gibbs"
927088,768,10,100,2,"poisson","gibbs"
657617,768,10,100,2,"poisson","gibbs"
752632,768,10,100,2,"poisson","gibbs"
489184,768,10,100,2,"poisson","gibbs"
146249,768,10,100,2,"poisson","gibbs"
909802,768,10,100,2,"poisson","gibbs"
527323,768,10,100,2,"poisson","gibbs"
771625,768,10,100,2,"poisson","gibbs"
54861,768,10,100,2,"poisson","gibbs"
327467,768,10,100,2,"poisson","gibbs"
416669,768,10,100,2,"poisson","gibbs"
230549,768,10,100,2,"poisson","gibbs"
126784,768,10,100,2,"poisson","gibbs"
197448,768,10,100,2,"poisson","gibbs"
472977,768,10,100,2,"poisson","gibbs"
90086,768,10,100,2,"poisson","gibbs"
544001,768,10,100,2,"poisson","gibbs"
744608,768,10,100,2,"poisson","gibbs"
566878,768,10,100,2,"poisson","gibbs"
360684,768,10,100,2,"poisson","gibbs"
284538,768,10,100,2,"poisson","gibbs"
519567,768,10,100,2,"poisson","gibbs"
848844,768,10,100,2,"poisson","gibbs"
138845,768,10,100,2,"poisson","gibbs"
777076,768,10,100,2,"poisson","gibbs"
514469,768,10,100,2,"poisson","gibbs"
132156,768,10,100,2,"poisson","gibbs"
4349,768,10,100,2,"poisson","gibbs"
317203,768,10,100,2,"poisson","gibbs"
15880,768,10,100,2,"poisson","gibbs"
139047,768,10,100,2,"poisson","gibbs"
862432,768,10,100,2,"poisson","gibbs"
608030,768,10,100,2,"poisson","gibbs"
46044,768,10,100,2,"poisson","gibbs"
569116,768,10,100,2,"poisson","gibbs"
306180,768,10,100,2,"poisson","gibbs"
840946,768,10,100,2,"poisson","gibbs"
98496,768,10,100,2,"poisson","gibbs"
588477,768,10,100,2,"poisson","gibbs"
254433,768,10,100,2,"poisson","gibbs"
131660,768,10,100,2,"poisson","gibbs"
544086,768,10,100,2,"poisson","gibbs"
631613,768,10,100,2,"poisson","gibbs"
954016,768,10,100,2,"poisson","gibbs"
337066,768,10,100,2,"poisson","gibbs"
925053,768,10,100,2,"poisson","gibbs"
94667,768,10,100,2,"poisson","gibbs"
582131,768,10,100,2,"poisson","gibbs"
742619,768,10,100,2,"poisson","gibbs"
296104,768,10,100,2,"poisson","gibbs"
758313,768,10,100,2,"poisson","gibbs"
599368,768,10,100,2,"poisson","gibbs"
990239,768,10,100,2,"poisson","gibbs"
166345,768,10,100,2,"poisson","gibbs"
293777,768,10,100,2,"poisson","gibbs"
520549,768,10,100,2,"poisson","gibbs"
690388,768,10,100,2,"poisson","gibbs"
898125,768,10,100,2,"poisson","gibbs"
329104,768,10,100,2,"poisson","gibbs"
319946,768,10,100,2,"poisson","gibbs"
473648,768,10,100,2,"poisson","gibbs"
295908,768,10,100,2,"poisson","gibbs"
642791,768,10,100,2,"poisson","gibbs"
796897,768,10,100,2,"poisson","gibbs"
825596,768,10,100,2,"poisson","gibbs"
638500,768,10,100,2,"poisson","gibbs"
837141,768,10,100,2,"poisson","gibbs"
674154,768,10,100,2,"poisson","gibbs"
276673,768,10,100,2,"poisson","gibbs"
810166,768,10,100,2,"poisson","gibbs"
298850,768,10,100,2,"poisson","gibbs"
456684,768,10,100,2,"poisson","gibbs"
321180,768,10,100,2,"poisson","gibbs"
7380,768,10,100,2,"poisson","gibbs"
909406,768,10,100,2,"poisson","gibbs"
768724,768,10,100,2,"poisson","gibbs"
6060,768,10,100,2,"poisson","gibbs"
70968,768,10,100,2,"poisson","gibbs"
799904,768,10,100,2,"poisson","gibbs"
646762,768,10,100,2,"poisson","gibbs"
437976,768,10,100,2,"poisson","gibbs"
746576,768,10,100,2,"poisson","gibbs"
488809,768,10,100,2,"poisson","gibbs"
477876,768,10,100,2,"poisson","gibbs"
826551,768,10,100,2,"poisson","gibbs"
567146,768,10,100,2,"poisson","gibbs"
978592,768,10,100,2,"poisson","gibbs"
884444,768,10,100,2,"poisson","gibbs"
465035,768,10,100,2,"poisson","gibbs"
796336,768,10,100,2,"poisson","gibbs"
674235,768,10,100,2,"poisson","gibbs"
902864,768,10,100,2,"poisson","gibbs"
542707,768,10,100,2,"poisson","gibbs"
100083,768,10,100,2,"poisson","gibbs"
784063,768,10,100,2,"poisson","gibbs"
174677,768,10,100,2,"poisson","gibbs"
631356,768,10,100,2,"poisson","gibbs"
643097,768,10,100,2,"poisson","gibbs"
156676,768,10,100,2,"poisson","gibbs"
495706,768,10,100,2,"poisson","gibbs"
364239,768,10,100,2,"poisson","gibbs"
277422,768,10,100,2,"poisson","gibbs"
375210,768,10,100,2,"poisson","gibbs"
822269,768,10,100,2,"poisson","gibbs"
197892,768,10,100,2,"poisson","gibbs"
462385,768,10,100,2,"poisson","gibbs"
732926,768,10,100,2,"poisson","gibbs"
835884,768,10,100,2,"poisson","gibbs"
935803,768,10,100,2,"poisson","gibbs"
184343,768,10,100,2,"poisson","gibbs"
243235,768,10,100,2,"poisson","gibbs"
593566,768,10,100,2,"poisson","gibbs"
457611,768,10,100,2,"poisson","gibbs"
239414,768,10,100,2,"poisson","gibbs"
253236,768,10,100,2,"poisson","gibbs"
95911,768,10,100,2,"poisson","gibbs"
506434,768,10,100,2,"poisson","gibbs"
795682,768,10,100,2,"poisson","gibbs"
56006,768,10,100,2,"poisson","gibbs"
719487,768,10,100,2,"poisson","gibbs"
731017,768,10,100,2,"poisson","gibbs"
87309,768,10,100,2,"poisson","gibbs"
933688,768,10,100,2,"poisson","gibbs"
624843,768,10,100,2,"poisson","gibbs"
901727,768,10,100,2,"poisson","gibbs"
396219,768,10,100,2,"poisson","gibbs"
749233,768,10,100,2,"poisson","gibbs"
118158,768,10,100,2,"poisson","gibbs"
166981,768,10,100,2,"poisson","gibbs"
574041,768,10,100,2,"poisson","gibbs"
592448,768,10,100,2,"poisson","gibbs"
693696,768,10,100,2,"poisson","gibbs"
202199,768,10,100,2,"poisson","gibbs"
521993,768,10,100,2,"poisson","gibbs"
813070,768,10,100,2,"poisson","gibbs"
915789,768,10,100,2,"poisson","gibbs"
946007,768,10,100,2,"poisson","gibbs"
813103,768,10,100,2,"poisson","gibbs"
549319,768,10,100,2,"poisson","gibbs"
69770,768,10,100,2,"poisson","gibbs"
62295,768,10,100,2,"poisson","gibbs"
977336,768,10,100,2,"poisson","gibbs"
570338,768,10,100,2,"poisson","gibbs"
816978,768,10,100,2,"poisson","gibbs"
601824,768,10,100,2,"poisson","gibbs"
735257,768,10,100,2,"poisson","gibbs"
798513,768,10,100,2,"poisson","gibbs"
899458,768,10,100,2,"poisson","gibbs"
273119,768,10,100,2,"poisson","gibbs"
81261,768,10,100,2,"poisson","gibbs"
28562,768,10,100,2,"poisson","gibbs"
530816,768,10,100,2,"poisson","gibbs"
909610,768,10,100,2,"poisson","gibbs"
42027,768,10,100,2,"poisson","gibbs"
441485,768,10,100,2,"poisson","gibbs"
779437,768,10,100,2,"poisson","gibbs"
241815,768,10,100,2,"poisson","gibbs"
561893,768,10,100,2,"poisson","gibbs"
537216,768,10,100,2,"poisson","gibbs"
304064,768,10,100,2,"poisson","gibbs"
333155,768,10,100,2,"poisson","gibbs"
602253,768,10,100,2,"poisson","gibbs"
972241,768,10,100,2,"poisson","gibbs"
884871,768,10,100,2,"poisson","gibbs"
195046,768,10,100,2,"poisson","gibbs"
668065,768,10,100,2,"poisson","gibbs"
909235,768,10,100,2,"poisson","gibbs"
626681,768,10,100,2,"poisson","gibbs"
724776,768,10,100,2,"poisson","gibbs"
866653,768,10,100,2,"poisson","gibbs"
604986,768,10,100,2,"poisson","gibbs"
991084,768,10,100,2,"poisson","gibbs"
865233,768,10,100,2,"poisson","gibbs"
769491,768,10,100,2,"poisson","gibbs"
535029,768,10,100,2,"poisson","gibbs"
183749,768,10,100,2,"poisson","gibbs"
890126,768,10,100,2,"poisson","gibbs"
775412,768,10,100,2,"poisson","gibbs"
66813,768,10,100,2,"poisson","gibbs"
904034,768,10,100,2,"poisson","gibbs"
837595,768,10,100,2,"poisson","gibbs"
672212,768,10,100,2,"poisson","gibbs"
29517,768,10,100,2,"poisson","gibbs"
197232,768,10,100,2,"poisson","gibbs"
138575,768,10,100,2,"poisson","gibbs"
147265,768,10,100,2,"poisson","gibbs"
928686,768,10,100,2,"poisson","gibbs"
501366,768,10,100,2,"poisson","gibbs"
637785,768,10,100,2,"poisson","gibbs"
77829,768,10,100,2,"poisson","gibbs"
392676,768,10,100,2,"poisson","gibbs"
689557,768,10,100,2,"poisson","gibbs"
584775,768,10,100,2,"poisson","gibbs"
832168,768,10,100,2,"poisson","gibbs"
308688,768,10,100,2,"poisson","gibbs"
696309,768,10,100,2,"poisson","gibbs"
715018,768,10,100,2,"poisson","gibbs"
133285,768,10,100,2,"poisson","gibbs"
324183,768,10,100,2,"poisson","gibbs"
384785,768,10,100,2,"poisson","gibbs"
744792,768,10,100,2,"poisson","gibbs"
972368,768,10,100,2,"poisson","gibbs"
885744,768,10,100,2,"poisson","gibbs"
9116,768,10,100,2,"poisson","gibbs"
662542,768,10,100,2,"poisson","gibbs"
335100,768,10,100,2,"poisson","gibbs"
525622,768,10,100,2,"poisson","gibbs"
420614,768,10,100,2,"poisson","gibbs"
902456,768,10,100,2,"poisson","gibbs"
859803,768,10,100,2,"poisson","gibbs"
852367,768,10,100,2,"poisson","gibbs"
280537,768,10,100,2,"poisson","gibbs"
792957,768,10,100,2,"poisson","gibbs"
415956,768,10,100,2,"poisson","gibbs"
390151,768,10,100,2,"poisson","gibbs"
339875,768,10,100,2,"poisson","gibbs"
43263,768,10,100,2,"poisson","gibbs"
653433,768,10,100,2,"poisson","gibbs"
597579,768,10,100,2,"poisson","gibbs"
90539,768,10,100,2,"poisson","gibbs"
716202,768,10,100,2,"poisson","gibbs"
989109,768,10,100,2,"poisson","gibbs"
681563,768,10,100,2,"poisson","gibbs"
362807,768,10,100,2,"poisson","gibbs"
889647,768,10,100,2,"poisson","gibbs"
373882,768,10,100,2,"poisson","gibbs"
785445,768,10,100,2,"poisson","gibbs"
333811,768,10,100,2,"poisson","gibbs"
608502,768,10,100,2,"poisson","gibbs"
408994,768,10,100,2,"poisson","gibbs"
7507,768,10,100,2,"poisson","gibbs"
477466,768,10,100,2,"poisson","gibbs"
404261,768,10,100,2,"poisson","gibbs"
354752,768,10,100,2,"poisson","gibbs"
224294,768,10,100,2,"poisson","gibbs"
682014,768,10,100,2,"poisson","gibbs"
338979,768,10,100,2,"poisson","gibbs"
475159,768,10,100,2,"poisson","gibbs"
79813,768,10,100,2,"poisson","gibbs"
16673,768,10,100,2,"poisson","gibbs"
435312,768,10,100,2,"poisson","gibbs"
158035,768,10,100,2,"poisson","gibbs"
581120,768,10,100,2,"poisson","gibbs"
302143,768,10,100,2,"poisson","gibbs"
272684,768,10,100,2,"poisson","gibbs"
985949,768,10,100,2,"poisson","gibbs"
17269,768,10,100,2,"poisson","gibbs"
627081,768,10,100,2,"poisson","gibbs"
324359,768,10,100,2,"poisson","gibbs"
100783,768,10,100,2,"poisson","gibbs"
903419,768,10,100,2,"poisson","gibbs"
980665,768,10,100,2,"poisson","gibbs"
596998,768,10,100,2,"poisson","gibbs"
708786,768,10,100,2,"poisson","gibbs"
368946,768,10,100,2,"poisson","gibbs"
977299,768,10,100,2,"poisson","gibbs"
364319,768,10,100,2,"poisson","gibbs"
386633,768,10,100,2,"poisson","gibbs"
344514,768,10,100,2,"poisson","gibbs"
684561,768,10,100,2,"poisson","gibbs"
980961,768,10,100,2,"poisson","gibbs"
83977,768,10,100,2,"poisson","gibbs"
230334,768,10,100,2,"poisson","gibbs"
821537,768,10,100,2,"poisson","gibbs"
30180,768,10,100,2,"poisson","gibbs"
206087,768,10,100,2,"poisson","gibbs"
512798,768,10,100,2,"poisson","gibbs"
257890,768,10,100,2,"poisson","gibbs"
648092,768,10,100,2,"poisson","gibbs"
931270,768,10,100,2,"poisson","gibbs"
80252,768,10,100,2,"poisson","gibbs"
173204,768,10,100,2,"poisson","gibbs"
366120,768,10,100,2,"poisson","gibbs"
120132,768,10,100,2,"poisson","gibbs"
148337,768,10,100,2,"poisson","gibbs"
785717,768,10,100,2,"poisson","gibbs"
515384,768,10,100,2,"poisson","gibbs"
212876,768,10,100,2,"poisson","gibbs"
715922,768,10,100,2,"poisson","gibbs"
838320,768,10,100,2,"poisson","gibbs"
367283,768,10,100,2,"poisson","gibbs"
981911,768,10,100,2,"poisson","gibbs"
376769,768,10,100,2,"poisson","gibbs"
965641,768,10,100,2,"poisson","gibbs"
302360,768,10,100,2,"poisson","gibbs"
652398,768,10,100,2,"poisson","gibbs"
154861,768,10,100,2,"poisson","gibbs"
461641,768,10,100,2,"poisson","gibbs"
167826,768,10,100,2,"poisson","gibbs"
770021,768,10,100,2,"poisson","gibbs"
294510,768,10,100,2,"poisson","gibbs"
871391,768,10,100,2,"poisson","gibbs"
688995,768,10,100,2,"poisson","gibbs"
785797,768,10,100,2,"poisson","gibbs"
407787,768,10,100,2,"poisson","gibbs"
775002,768,10,100,2,"poisson","gibbs"
838963,768,10,100,2,"poisson","gibbs"
376861,768,10,100,2,"poisson","gibbs"
150738,768,10,100,2,"poisson","gibbs"
6334,768,10,100,2,"poisson","gibbs"
491609,768,10,100,2,"poisson","gibbs"
469819,768,10,100,2,"poisson","gibbs"
857275,768,10,100,2,"poisson","gibbs"
176780,768,10,100,2,"poisson","gibbs"
559830,768,10,100,2,"poisson","gibbs"
891041,768,10,100,2,"poisson","gibbs"
773961,768,10,100,2,"poisson","gibbs"
572395,768,10,100,2,"poisson","gibbs"
228572,768,10,100,2,"poisson","gibbs"
798627,768,10,100,2,"poisson","gibbs"
279507,768,10,100,2,"poisson","gibbs"
748338,768,10,100,2,"poisson","gibbs"
369890,768,10,100,2,"poisson","gibbs"
86225,768,10,100,2,"poisson","gibbs"
298081,768,10,100,2,"poisson","gibbs"
746627,768,10,100,2,"poisson","gibbs"
893591,768,10,100,2,"poisson","gibbs"
765701,768,10,100,2,"poisson","gibbs"
869384,768,10,100,2,"poisson","gibbs"
615162,768,10,100,2,"poisson","gibbs"
829379,768,10,100,2,"poisson","gibbs"
174849,768,10,100,2,"poisson","gibbs"
787268,768,10,100,2,"poisson","gibbs"
893544,768,10,100,2,"poisson","gibbs"
941492,768,10,100,2,"poisson","gibbs"
45516,768,10,100,2,"poisson","gibbs"
592730,768,10,100,2,"poisson","gibbs"
930327,768,10,100,2,"poisson","gibbs"
144939,768,10,100,2,"poisson","gibbs"
861903,768,10,100,2,"poisson","gibbs"
229078,768,10,100,2,"poisson","gibbs"
375959,768,10,100,2,"poisson","gibbs"
229355,768,10,100,2,"poisson","gibbs"
968726,768,10,100,2,"poisson","gibbs"
131519,768,10,100,2,"poisson","gibbs"
608662,768,10,100,2,"poisson","gibbs"
283875,768,10,100,2,"poisson","gibbs"
263435,768,10,100,2,"poisson","gibbs"
950290,768,10,100,2,"poisson","gibbs"
820294,768,10,100,2,"poisson","gibbs"
452395,768,10,100,2,"poisson","gibbs"
583059,768,10,100,2,"poisson","gibbs"
344996,768,10,100,2,"poisson","gibbs"
27775,768,10,100,2,"poisson","gibbs"
460099,768,10,100,2,"poisson","gibbs"
384839,768,10,100,2,"poisson","gibbs"
108809,768,10,100,2,"poisson","gibbs"
50850,768,10,100,2,"poisson","gibbs"
730200,768,10,100,2,"poisson","gibbs"
270369,768,10,100,2,"poisson","gibbs"
16662,768,10,100,2,"poisson","gibbs"
324911,768,10,100,2,"poisson","gibbs"
930237,768,10,100,2,"poisson","gibbs"
912125,768,10,100,2,"poisson","gibbs"
51573,768,10,100,2,"poisson","gibbs"
70321,768,10,100,2,"poisson","gibbs"
839702,768,10,100,2,"poisson","gibbs"
540648,768,10,100,2,"poisson","gibbs"
754962,768,10,100,2,"poisson","gibbs"
578191,768,10,100,2,"poisson","gibbs"
119693,768,10,100,2,"poisson","gibbs"
329905,768,10,100,2,"poisson","gibbs"
899781,768,10,100,2,"poisson","gibbs"
228221,768,10,100,2,"poisson","gibbs"
309357,768,10,100,2,"poisson","gibbs"
770441,768,10,100,2,"poisson","gibbs"
968572,768,10,100,2,"poisson","gibbs"
682258,768,10,100,2,"poisson","gibbs"
356061,768,10,100,2,"poisson","gibbs"
595717,768,10,100,2,"poisson","gibbs"
817538,768,10,100,2,"poisson","gibbs"
604016,768,10,100,2,"poisson","gibbs"
387205,768,10,100,2,"poisson","gibbs"
949236,768,10,100,2,"poisson","gibbs"
341324,768,10,100,2,"poisson","gibbs"
837643,768,10,100,2,"poisson","gibbs"
17786,768,10,100,2,"poisson","gibbs"
364097,768,10,100,2,"poisson","gibbs"
813877,768,10,100,2,"poisson","gibbs"
440900,768,10,100,2,"poisson","gibbs"
262032,768,10,100,2,"poisson","gibbs"
391707,768,10,100,2,"poisson","gibbs"
498096,768,10,100,2,"poisson","gibbs"
890521,768,10,100,2,"poisson","gibbs"
551154,768,10,100,2,"poisson","gibbs"
341600,768,10,100,2,"poisson","gibbs"
454307,768,10,100,2,"poisson","gibbs"
137407,768,10,100,2,"poisson","gibbs"
869679,768,10,100,2,"poisson","gibbs"
720497,768,10,100,2,"poisson","gibbs"
727960,768,10,100,2,"poisson","gibbs"
833706,768,10,100,2,"poisson","gibbs"
659684,768,10,100,2,"poisson","gibbs"
752428,768,10,100,2,"poisson","gibbs"
203411,768,10,100,2,"poisson","gibbs"
851548,768,10,100,2,"poisson","gibbs"
121748,768,10,100,2,"poisson","gibbs"
564892,768,10,100,2,"poisson","gibbs"
830860,768,10,100,2,"poisson","gibbs"
41138,768,10,100,2,"poisson","gibbs"
94102,768,10,100,2,"poisson","gibbs"
639974,768,10,100,2,"poisson","gibbs"
680855,768,10,100,2,"poisson","gibbs"
864641,768,10,100,2,"poisson","gibbs"
282961,768,10,100,2,"poisson","gibbs"
762209,768,10,100,2,"poisson","gibbs"
414318,768,10,100,2,"poisson","gibbs"
247170,768,10,100,2,"poisson","gibbs"
468189,768,10,100,2,"poisson","gibbs"
785310,768,10,100,2,"poisson","gibbs"
216355,768,10,100,2,"poisson","gibbs"
906396,768,10,100,2,"poisson","gibbs"
489715,768,10,100,2,"poisson","gibbs"
976881,768,10,100,2,"poisson","gibbs"
266973,768,10,100,2,"poisson","gibbs"
900079,768,10,100,2,"poisson","gibbs"
270981,768,10,100,2,"poisson","gibbs"
546219,768,10,100,2,"poisson","gibbs"
845502,768,10,100,2,"poisson","gibbs"
824531,768,10,100,2,"poisson","gibbs"
846500,768,10,100,2,"poisson","gibbs"
908111,768,10,100,2,"poisson","gibbs"
943568,768,10,100,2,"poisson","gibbs"
836258,768,10,100,2,"poisson","gibbs"
258204,768,10,100,2,"poisson","gibbs"
743621,768,10,100,2,"poisson","gibbs"
240765,768,10,100,2,"poisson","gibbs"
842437,768,10,100,2,"poisson","gibbs"
808238,768,10,100,2,"poisson","gibbs"
53572,768,10,100,2,"poisson","gibbs"
181322,768,10,100,2,"poisson","gibbs"
398738,768,10,100,2,"poisson","gibbs"
825676,768,10,100,2,"poisson","gibbs"
971135,768,10,100,2,"poisson","gibbs"
3213,768,10,100,2,"poisson","gibbs"
757987,768,10,100,2,"poisson","gibbs"
495813,768,10,100,2,"poisson","gibbs"
246279,768,10,100,2,"poisson","gibbs"
479391,768,10,100,2,"poisson","gibbs"
367562,768,10,100,2,"poisson","gibbs"
94444,768,10,100,2,"poisson","gibbs"
153426,768,10,100,2,"poisson","gibbs"
14582,768,10,100,2,"poisson","gibbs"
949917,768,10,100,2,"poisson","gibbs"
474593,768,10,100,2,"poisson","gibbs"
39868,768,10,100,2,"poisson","gibbs"
24413,768,10,100,2,"poisson","gibbs"
963656,768,10,100,2,"poisson","gibbs"
54920,768,10,100,2,"poisson","gibbs"
81050,768,10,100,2,"poisson","gibbs"
117641,768,10,100,2,"poisson","gibbs"
935658,768,10,100,2,"poisson","gibbs"
296633,768,10,100,2,"poisson","gibbs"
986903,768,10,100,2,"poisson","gibbs"
293800,768,10,100,2,"poisson","gibbs"
673060,768,10,100,2,"poisson","gibbs"
244666,768,10,100,2,"poisson","gibbs"
558469,768,10,100,2,"poisson","gibbs"
382232,768,10,100,2,"poisson","gibbs"
378965,768,10,100,2,"poisson","gibbs"
677520,768,10,100,2,"poisson","gibbs"
914893,768,10,100,2,"poisson","gibbs"
965809,768,10,100,2,"poisson","gibbs"
939016,768,10,100,2,"poisson","gibbs"
191520,768,10,100,2,"poisson","gibbs"
483023,768,10,100,2,"poisson","gibbs"
373431,768,10,100,2,"poisson","gibbs"
158790,768,10,100,2,"poisson","gibbs"
949231,768,10,100,2,"poisson","gibbs"
879138,768,10,100,2,"poisson","gibbs"
659213,768,10,100,2,"poisson","gibbs"
551064,768,10,100,2,"poisson","gibbs"
965715,768,10,100,2,"poisson","gibbs"
467574,768,10,100,2,"poisson","gibbs"
837411,768,10,100,2,"poisson","gibbs"
596326,768,10,100,2,"poisson","gibbs"
173670,768,10,100,2,"poisson","gibbs"
319913,768,10,100,2,"poisson","gibbs"
286862,768,10,100,2,"poisson","gibbs"
519461,768,10,100,2,"poisson","gibbs"
960837,768,10,100,2,"poisson","gibbs"
998259,768,10,100,2,"poisson","gibbs"
210888,768,10,100,2,"poisson","gibbs"
841145,768,10,100,2,"poisson","gibbs"
879810,768,10,100,2,"poisson","gibbs"
320460,768,10,100,2,"poisson","gibbs"
888154,768,10,100,2,"poisson","gibbs"
691204,768,10,100,2,"poisson","gibbs"
658177,768,10,100,2,"poisson","gibbs"
128311,768,10,100,2,"poisson","gibbs"
246348,768,10,100,2,"poisson","gibbs"
97208,768,10,100,2,"poisson","gibbs"
868550,768,10,100,2,"poisson","gibbs"
186200,768,10,100,2,"poisson","gibbs"
464109,768,10,100,2,"poisson","gibbs"
255214,768,10,100,2,"poisson","gibbs"
263026,768,10,100,2,"poisson","gibbs"
393878,768,10,100,2,"poisson","gibbs"
674087,768,10,100,2,"poisson","gibbs"
33639,768,10,100,2,"poisson","gibbs"
685712,768,10,100,2,"poisson","gibbs"
589871,768,10,100,2,"poisson","gibbs"
821855,768,10,100,2,"poisson","gibbs"
757306,768,10,100,2,"poisson","gibbs"
828490,768,10,100,2,"poisson","gibbs"
900202,768,10,100,2,"poisson","gibbs"
457287,768,10,100,2,"poisson","gibbs"
87227,768,10,100,2,"poisson","gibbs"
724331,768,10,100,2,"poisson","gibbs"
526094,768,10,100,2,"poisson","gibbs"
620888,768,10,100,2,"poisson","gibbs"
712440,768,10,100,2,"poisson","gibbs"
385964,768,10,100,2,"poisson","gibbs"
571134,768,10,100,2,"poisson","gibbs"
147288,768,10,100,2,"poisson","gibbs"
29745,768,10,100,2,"poisson","gibbs"
760959,768,10,100,2,"poisson","gibbs"
989650,768,10,100,2,"poisson","gibbs"
436784,768,10,100,2,"poisson","gibbs"
791090,768,10,100,2,"poisson","gibbs"
176725,768,10,100,2,"poisson","gibbs"
485603,768,10,100,2,"poisson","gibbs"
688711,768,10,100,2,"poisson","gibbs"
187427,768,10,100,2,"poisson","gibbs"
209259,768,10,100,2,"poisson","gibbs"
679934,768,10,100,2,"poisson","gibbs"
402910,768,10,100,2,"poisson","gibbs"
954758,768,10,100,2,"poisson","gibbs"
618434,768,10,100,2,"poisson","gibbs"
951909,768,10,100,2,"poisson","gibbs"
150695,768,10,100,2,"poisson","gibbs"
569987,768,10,100,2,"poisson","gibbs"
478279,768,10,100,2,"poisson","gibbs"
306982,768,10,100,2,"poisson","gibbs"
884833,768,10,100,2,"poisson","gibbs"
541390,768,10,100,2,"poisson","gibbs"
421794,768,10,100,2,"poisson","gibbs"
119073,768,10,100,2,"poisson","gibbs"
670841,768,10,100,2,"poisson","gibbs"
798031,768,10,100,2,"poisson","gibbs"
152074,768,10,100,2,"poisson","gibbs"
602534,768,10,100,2,"poisson","gibbs"
252845,768,10,100,2,"poisson","gibbs"
163187,768,10,100,2,"poisson","gibbs"
138320,768,10,100,2,"poisson","gibbs"
986413,768,10,100,2,"poisson","gibbs"
270117,768,10,100,2,"poisson","gibbs"
278981,768,10,100,2,"poisson","gibbs"
942437,768,10,100,2,"poisson","gibbs"
182189,768,10,100,2,"poisson","gibbs"
874632,768,10,100,2,"poisson","gibbs"
184859,768,10,100,2,"poisson","gibbs"
423544,768,10,100,2,"poisson","gibbs"
298186,768,10,100,2,"poisson","gibbs"
125748,768,10,100,2,"poisson","gibbs"
601762,768,10,100,2,"poisson","gibbs"
337164,768,10,100,2,"poisson","gibbs"
412475,768,10,100,2,"poisson","gibbs"
919538,768,10,100,2,"poisson","gibbs"
937496,768,10,100,2,"poisson","gibbs"
506414,768,10,100,2,"poisson","gibbs"
106432,768,10,100,2,"poisson","gibbs"
254737,768,10,100,2,"poisson","gibbs"
894256,768,10,100,2,"poisson","gibbs"
22132,768,10,100,2,"poisson","gibbs"
403539,768,10,100,2,"poisson","gibbs"
384561,768,10,100,2,"poisson","gibbs"
266505,768,10,100,2,"poisson","gibbs"
56929,768,10,100,2,"poisson","gibbs"
155121,768,10,100,2,"poisson","gibbs"
418991,768,10,100,2,"poisson","gibbs"
478897,768,10,100,2,"poisson","gibbs"
414772,768,10,100,2,"poisson","gibbs"
184515,768,10,100,2,"poisson","gibbs"
200246,768,10,100,2,"poisson","gibbs"
175812,768,10,100,2,"poisson","gibbs"
174303,768,10,100,2,"poisson","gibbs"
893917,768,10,100,2,"poisson","gibbs"
46317,768,10,100,2,"poisson","gibbs"
963251,768,10,100,2,"poisson","gibbs"
248098,768,10,100,2,"poisson","gibbs"
264645,768,10,100,2,"poisson","gibbs"
422979,768,10,100,2,"poisson","gibbs"
423789,768,10,100,2,"poisson","gibbs"
323374,768,10,100,2,"poisson","gibbs"
106878,768,10,100,2,"poisson","gibbs"
209709,768,10,100,2,"poisson","gibbs"
422833,768,10,100,2,"poisson","gibbs"
565197,768,10,100,2,"poisson","gibbs"
665642,768,10,100,2,"poisson","gibbs"
514359,768,10,100,2,"poisson","gibbs"
556546,768,10,100,2,"poisson","gibbs"
735496,768,10,100,2,"poisson","gibbs"
399039,768,10,100,2,"poisson","gibbs"
810281,768,10,100,2,"poisson","gibbs"
235402,768,10,100,2,"poisson","gibbs"
606540,768,10,100,2,"poisson","gibbs"
557363,768,10,100,2,"poisson","gibbs"
71007,768,10,100,2,"poisson","gibbs"
26885,768,10,100,2,"poisson","gibbs"
164656,768,10,100,2,"poisson","gibbs"
215609,768,10,100,2,"poisson","gibbs"
94119,768,10,100,2,"poisson","gibbs"
784615,768,10,100,2,"poisson","gibbs"
359075,768,10,100,2,"poisson","gibbs"
227936,768,10,100,2,"poisson","gibbs"
551412,768,10,100,2,"poisson","gibbs"
6159,768,10,100,2,"poisson","gibbs"
120936,768,10,100,2,"poisson","gibbs"
59274,768,10,100,2,"poisson","gibbs"
299974,768,10,100,2,"poisson","gibbs"
935782,768,10,100,2,"poisson","gibbs"
736965,768,10,100,2,"poisson","gibbs"
968118,768,10,100,2,"poisson","gibbs"
267921,768,10,100,2,"poisson","gibbs"
34013,768,10,100,2,"poisson","gibbs"
779220,768,10,100,2,"poisson","gibbs"
713000,768,10,100,2,"poisson","gibbs"
146017,768,10,100,2,"poisson","gibbs"
358501,768,10,100,2,"poisson","gibbs"
67707,768,10,100,2,"poisson","gibbs"
279259,768,10,100,2,"poisson","gibbs"
708379,768,10,100,2,"poisson","gibbs"
728092,768,10,100,2,"poisson","gibbs"
510910,768,10,100,2,"poisson","gibbs"
700552,768,10,100,2,"poisson","gibbs"
353618,768,10,100,2,"poisson","gibbs"
364765,768,10,100,2,"poisson","gibbs"
22669,768,10,100,2,"poisson","gibbs"
249862,768,10,100,2,"poisson","gibbs"
291537,768,10,100,2,"poisson","gibbs"
381194,768,10,100,2,"poisson","gibbs"
451916,768,10,100,2,"poisson","gibbs"
284923,768,10,100,2,"poisson","gibbs"
622244,768,10,100,2,"poisson","gibbs"
65107,768,10,100,2,"poisson","gibbs"
550630,768,10,100,2,"poisson","gibbs"
881652,768,10,100,2,"poisson","gibbs"
416056,768,10,100,2,"poisson","gibbs"
100912,768,10,100,2,"poisson","gibbs"
702824,768,10,100,2,"poisson","gibbs"
249635,768,10,100,2,"poisson","gibbs"
772666,768,10,100,2,"poisson","gibbs"
336105,768,10,100,2,"poisson","gibbs"
336831,768,10,100,2,"poisson","gibbs"
104288,768,10,100,2,"poisson","gibbs"
929960,768,10,100,2,"poisson","gibbs"
211987,768,10,100,2,"poisson","gibbs"
220294,768,10,100,2,"poisson","gibbs"
871578,768,10,100,2,"poisson","gibbs"
550838,768,10,100,2,"poisson","gibbs"
768588,768,10,100,2,"poisson","gibbs"
909232,768,10,100,2,"poisson","gibbs"
942676,768,10,100,2,"poisson","gibbs"
725280,768,10,100,2,"poisson","gibbs"
864153,768,10,100,2,"poisson","gibbs"
978545,768,10,100,2,"poisson","gibbs"
162754,768,10,100,2,"poisson","gibbs"
623783,768,10,100,2,"poisson","gibbs"
796706,768,10,100,2,"poisson","gibbs"
626030,768,10,100,2,"poisson","gibbs"
58251,768,10,100,2,"poisson","gibbs"
174219,768,10,100,2,"poisson","gibbs"
905352,768,10,100,2,"poisson","gibbs"
278373,768,10,100,2,"poisson","gibbs"
936630,768,10,100,2,"poisson","gibbs"
10237,768,10,100,2,"poisson","gibbs"
489916,768,10,100,2,"poisson","gibbs"
687700,768,10,100,2,"poisson","gibbs"
270793,768,10,100,2,"poisson","gibbs"
78817,768,10,100,2,"poisson","gibbs"
543933,768,10,100,2,"poisson","gibbs"
988012,768,10,100,2,"poisson","gibbs"
648412,768,10,100,2,"poisson","gibbs"
477944,768,10,100,2,"poisson","gibbs"
170713,768,10,100,2,"poisson","gibbs"
923288,768,10,100,2,"poisson","gibbs"
900197,768,10,100,2,"poisson","gibbs"
372959,768,10,100,2,"poisson","gibbs"
803808,768,10,100,2,"poisson","gibbs"
247551,768,10,100,2,"poisson","gibbs"
836335,768,10,100,2,"poisson","gibbs"
495229,768,10,100,2,"poisson","gibbs"
375883,768,10,100,2,"poisson","gibbs"
99606,768,10,100,2,"poisson","gibbs"
512460,768,10,100,2,"poisson","gibbs"
739922,768,10,100,2,"poisson","gibbs"
784789,768,10,100,2,"poisson","gibbs"
325147,768,10,100,2,"poisson","gibbs"
632277,768,10,100,2,"poisson","gibbs"
658799,768,10,100,2,"poisson","gibbs"
826776,768,10,100,2,"poisson","gibbs"
609521,768,10,100,2,"poisson","gibbs"
714565,768,10,100,2,"poisson","gibbs"
225968,768,10,100,2,"poisson","gibbs"
601378,768,10,100,2,"poisson","gibbs"
677246,768,10,100,2,"poisson","gibbs"
409401,768,10,100,2,"poisson","gibbs"
822460,768,10,100,2,"poisson","gibbs"
621267,768,10,100,2,"poisson","gibbs"
496048,768,10,100,2,"poisson","gibbs"
53879,768,10,100,2,"poisson","gibbs"
285071,768,10,100,2,"poisson","gibbs"
184571,768,10,100,2,"poisson","gibbs"
378833,768,10,100,2,"poisson","gibbs"
803135,768,10,100,2,"poisson","gibbs"
531666,768,10,100,2,"poisson","gibbs"
24854,768,10,100,2,"poisson","gibbs"
960139,768,10,100,2,"poisson","gibbs"
827810,768,10,100,2,"poisson","gibbs"
762833,768,10,100,2,"poisson","gibbs"
540907,768,10,100,2,"poisson","gibbs"
571829,768,10,100,2,"poisson","gibbs"
148038,768,10,100,2,"poisson","gibbs"
509507,768,10,100,2,"poisson","gibbs"
760252,768,10,100,2,"poisson","gibbs"
966646,768,10,100,2,"poisson","gibbs"
569015,768,10,100,2,"poisson","gibbs"
115550,768,10,100,2,"poisson","gibbs"
144778,768,10,100,2,"poisson","gibbs"
618907,768,10,100,2,"poisson","gibbs"
247801,768,10,100,2,"poisson","gibbs"
489727,768,10,100,2,"poisson","gibbs"
154977,768,10,100,2,"poisson","gibbs"
752702,768,10,100,2,"poisson","gibbs"
989288,768,10,100,2,"poisson","gibbs"
288112,768,10,100,2,"poisson","gibbs"
120589,768,10,100,2,"poisson","gibbs"
297456,768,10,100,2,"poisson","gibbs"
16104,768,10,100,2,"poisson","gibbs"
675239,768,10,100,2,"poisson","gibbs"
862959,768,10,100,2,"poisson","gibbs"
111867,768,10,100,2,"poisson","hmc_stan"
623944,768,10,100,2,"poisson","hmc_stan"
671081,768,10,100,2,"poisson","hmc_stan"
365894,768,10,100,2,"poisson","hmc_stan"
183181,768,10,100,2,"poisson","hmc_stan"
26720,768,10,100,2,"poisson","hmc_stan"
490450,768,10,100,2,"poisson","hmc_stan"
595924,768,10,100,2,"poisson","hmc_stan"
956136,768,10,100,2,"poisson","hmc_stan"
358386,768,10,100,2,"poisson","hmc_stan"
179454,768,10,100,2,"poisson","hmc_stan"
992497,768,10,100,2,"poisson","hmc_stan"
30702,768,10,100,2,"poisson","hmc_stan"
723096,768,10,100,2,"poisson","hmc_stan"
44423,768,10,100,2,"poisson","hmc_stan"
282236,768,10,100,2,"poisson","hmc_stan"
57903,768,10,100,2,"poisson","hmc_stan"
657849,768,10,100,2,"poisson","hmc_stan"
900981,768,10,100,2,"poisson","hmc_stan"
481944,768,10,100,2,"poisson","hmc_stan"
718127,768,10,100,2,"poisson","hmc_stan"
670344,768,10,100,2,"poisson","hmc_stan"
369547,768,10,100,2,"poisson","hmc_stan"
987281,768,10,100,2,"poisson","hmc_stan"
357938,768,10,100,2,"poisson","hmc_stan"
278879,768,10,100,2,"poisson","hmc_stan"
295211,768,10,100,2,"poisson","hmc_stan"
725515,768,10,100,2,"poisson","hmc_stan"
523694,768,10,100,2,"poisson","hmc_stan"
898684,768,10,100,2,"poisson","hmc_stan"
554518,768,10,100,2,"poisson","hmc_stan"
180939,768,10,100,2,"poisson","hmc_stan"
987646,768,10,100,2,"poisson","hmc_stan"
84492,768,10,100,2,"poisson","hmc_stan"
280144,768,10,100,2,"poisson","hmc_stan"
386765,768,10,100,2,"poisson","hmc_stan"
667558,768,10,100,2,"poisson","hmc_stan"
532452,768,10,100,2,"poisson","hmc_stan"
230953,768,10,100,2,"poisson","hmc_stan"
632255,768,10,100,2,"poisson","hmc_stan"
538699,768,10,100,2,"poisson","hmc_stan"
714321,768,10,100,2,"poisson","hmc_stan"
777602,768,10,100,2,"poisson","hmc_stan"
175087,768,10,100,2,"poisson","hmc_stan"
783961,768,10,100,2,"poisson","hmc_stan"
957853,768,10,100,2,"poisson","hmc_stan"
881363,768,10,100,2,"poisson","hmc_stan"
943849,768,10,100,2,"poisson","hmc_stan"
169560,768,10,100,2,"poisson","hmc_stan"
149757,768,10,100,2,"poisson","hmc_stan"
151119,768,10,100,2,"poisson","hmc_stan"
644093,768,10,100,2,"poisson","hmc_stan"
667707,768,10,100,2,"poisson","hmc_stan"
669510,768,10,100,2,"poisson","hmc_stan"
210172,768,10,100,2,"poisson","hmc_stan"
189963,768,10,100,2,"poisson","hmc_stan"
477273,768,10,100,2,"poisson","hmc_stan"
776603,768,10,100,2,"poisson","hmc_stan"
773236,768,10,100,2,"poisson","hmc_stan"
525597,768,10,100,2,"poisson","hmc_stan"
979586,768,10,100,2,"poisson","hmc_stan"
989173,768,10,100,2,"poisson","hmc_stan"
526563,768,10,100,2,"poisson","hmc_stan"
96799,768,10,100,2,"poisson","hmc_stan"
568531,768,10,100,2,"poisson","hmc_stan"
140143,768,10,100,2,"poisson","hmc_stan"
589996,768,10,100,2,"poisson","hmc_stan"
931605,768,10,100,2,"poisson","hmc_stan"
199635,768,10,100,2,"poisson","hmc_stan"
408722,768,10,100,2,"poisson","hmc_stan"
369408,768,10,100,2,"poisson","hmc_stan"
746946,768,10,100,2,"poisson","hmc_stan"
112984,768,10,100,2,"poisson","hmc_stan"
122951,768,10,100,2,"poisson","hmc_stan"
719626,768,10,100,2,"poisson","hmc_stan"
860208,768,10,100,2,"poisson","hmc_stan"
240894,768,10,100,2,"poisson","hmc_stan"
664244,768,10,100,2,"poisson","hmc_stan"
318873,768,10,100,2,"poisson","hmc_stan"
781081,768,10,100,2,"poisson","hmc_stan"
659626,768,10,100,2,"poisson","hmc_stan"
234886,768,10,100,2,"poisson","hmc_stan"
245728,768,10,100,2,"poisson","hmc_stan"
694593,768,10,100,2,"poisson","hmc_stan"
243654,768,10,100,2,"poisson","hmc_stan"
561390,768,10,100,2,"poisson","hmc_stan"
796510,768,10,100,2,"poisson","hmc_stan"
621380,768,10,100,2,"poisson","hmc_stan"
470251,768,10,100,2,"poisson","hmc_stan"
624139,768,10,100,2,"poisson","hmc_stan"
999764,768,10,100,2,"poisson","hmc_stan"
760359,768,10,100,2,"poisson","hmc_stan"
120343,768,10,100,2,"poisson","hmc_stan"
321855,768,10,100,2,"poisson","hmc_stan"
771951,768,10,100,2,"poisson","hmc_stan"
955184,768,10,100,2,"poisson","hmc_stan"
398721,768,10,100,2,"poisson","hmc_stan"
194329,768,10,100,2,"poisson","hmc_stan"
983002,768,10,100,2,"poisson","hmc_stan"
146425,768,10,100,2,"poisson","hmc_stan"
807263,768,10,100,2,"poisson","hmc_stan"
702400,768,10,100,2,"poisson","hmc_stan"
799396,768,10,100,2,"poisson","hmc_stan"
530747,768,10,100,2,"poisson","hmc_stan"
460108,768,10,100,2,"poisson","hmc_stan"
152704,768,10,100,2,"poisson","hmc_stan"
998001,768,10,100,2,"poisson","hmc_stan"
557254,768,10,100,2,"poisson","hmc_stan"
492131,768,10,100,2,"poisson","hmc_stan"
412542,768,10,100,2,"poisson","hmc_stan"
257374,768,10,100,2,"poisson","hmc_stan"
164185,768,10,100,2,"poisson","hmc_stan"
871558,768,10,100,2,"poisson","hmc_stan"
631222,768,10,100,2,"poisson","hmc_stan"
963854,768,10,100,2,"poisson","hmc_stan"
943677,768,10,100,2,"poisson","hmc_stan"
954893,768,10,100,2,"poisson","hmc_stan"
897822,768,10,100,2,"poisson","hmc_stan"
421881,768,10,100,2,"poisson","hmc_stan"
997939,768,10,100,2,"poisson","hmc_stan"
775409,768,10,100,2,"poisson","hmc_stan"
752681,768,10,100,2,"poisson","hmc_stan"
141252,768,10,100,2,"poisson","hmc_stan"
249180,768,10,100,2,"poisson","hmc_stan"
585343,768,10,100,2,"poisson","hmc_stan"
434863,768,10,100,2,"poisson","hmc_stan"
114256,768,10,100,2,"poisson","hmc_stan"
760931,768,10,100,2,"poisson","hmc_stan"
892298,768,10,100,2,"poisson","hmc_stan"
145999,768,10,100,2,"poisson","hmc_stan"
381173,768,10,100,2,"poisson","hmc_stan"
169457,768,10,100,2,"poisson","hmc_stan"
999492,768,10,100,2,"poisson","hmc_stan"
172259,768,10,100,2,"poisson","hmc_stan"
548340,768,10,100,2,"poisson","hmc_stan"
588849,768,10,100,2,"poisson","hmc_stan"
927861,768,10,100,2,"poisson","hmc_stan"
640285,768,10,100,2,"poisson","hmc_stan"
487467,768,10,100,2,"poisson","hmc_stan"
253403,768,10,100,2,"poisson","hmc_stan"
131597,768,10,100,2,"poisson","hmc_stan"
449602,768,10,100,2,"poisson","hmc_stan"
788978,768,10,100,2,"poisson","hmc_stan"
949608,768,10,100,2,"poisson","hmc_stan"
361553,768,10,100,2,"poisson","hmc_stan"
305999,768,10,100,2,"poisson","hmc_stan"
367715,768,10,100,2,"poisson","hmc_stan"
302015,768,10,100,2,"poisson","hmc_stan"
58438,768,10,100,2,"poisson","hmc_stan"
910335,768,10,100,2,"poisson","hmc_stan"
149069,768,10,100,2,"poisson","hmc_stan"
534778,768,10,100,2,"poisson","hmc_stan"
342549,768,10,100,2,"poisson","hmc_stan"
704491,768,10,100,2,"poisson","hmc_stan"
535986,768,10,100,2,"poisson","hmc_stan"
932031,768,10,100,2,"poisson","hmc_stan"
943612,768,10,100,2,"poisson","hmc_stan"
809574,768,10,100,2,"poisson","hmc_stan"
565584,768,10,100,2,"poisson","hmc_stan"
689903,768,10,100,2,"poisson","hmc_stan"
413532,768,10,100,2,"poisson","hmc_stan"
402253,768,10,100,2,"poisson","hmc_stan"
11975,768,10,100,2,"poisson","hmc_stan"
233031,768,10,100,2,"poisson","hmc_stan"
217902,768,10,100,2,"poisson","hmc_stan"
808861,768,10,100,2,"poisson","hmc_stan"
541237,768,10,100,2,"poisson","hmc_stan"
223410,768,10,100,2,"poisson","hmc_stan"
335729,768,10,100,2,"poisson","hmc_stan"
656386,768,10,100,2,"poisson","hmc_stan"
696840,768,10,100,2,"poisson","hmc_stan"
297402,768,10,100,2,"poisson","hmc_stan"
396117,768,10,100,2,"poisson","hmc_stan"
499919,768,10,100,2,"poisson","hmc_stan"
979763,768,10,100,2,"poisson","hmc_stan"
793234,768,10,100,2,"poisson","hmc_stan"
753093,768,10,100,2,"poisson","hmc_stan"
605974,768,10,100,2,"poisson","hmc_stan"
291251,768,10,100,2,"poisson","hmc_stan"
348946,768,10,100,2,"poisson","hmc_stan"
364707,768,10,100,2,"poisson","hmc_stan"
372615,768,10,100,2,"poisson","hmc_stan"
128473,768,10,100,2,"poisson","hmc_stan"
953348,768,10,100,2,"poisson","hmc_stan"
115440,768,10,100,2,"poisson","hmc_stan"
1984,768,10,100,2,"poisson","hmc_stan"
317254,768,10,100,2,"poisson","hmc_stan"
732938,768,10,100,2,"poisson","hmc_stan"
27658,768,10,100,2,"poisson","hmc_stan"
13776,768,10,100,2,"poisson","hmc_stan"
304126,768,10,100,2,"poisson","hmc_stan"
392471,768,10,100,2,"poisson","hmc_stan"
866685,768,10,100,2,"poisson","hmc_stan"
178199,768,10,100,2,"poisson","hmc_stan"
496404,768,10,100,2,"poisson","hmc_stan"
379621,768,10,100,2,"poisson","hmc_stan"
190618,768,10,100,2,"poisson","hmc_stan"
994207,768,10,100,2,"poisson","hmc_stan"
28772,768,10,100,2,"poisson","hmc_stan"
973265,768,10,100,2,"poisson","hmc_stan"
771589,768,10,100,2,"poisson","hmc_stan"
494881,768,10,100,2,"poisson","hmc_stan"
392527,768,10,100,2,"poisson","hmc_stan"
105285,768,10,100,2,"poisson","hmc_stan"
355998,768,10,100,2,"poisson","hmc_stan"
780610,768,10,100,2,"poisson","hmc_stan"
637832,768,10,100,2,"poisson","hmc_stan"
789107,768,10,100,2,"poisson","hmc_stan"
807698,768,10,100,2,"poisson","hmc_stan"
66954,768,10,100,2,"poisson","hmc_stan"
462945,768,10,100,2,"poisson","hmc_stan"
720862,768,10,100,2,"poisson","hmc_stan"
674739,768,10,100,2,"poisson","hmc_stan"
200228,768,10,100,2,"poisson","hmc_stan"
416533,768,10,100,2,"poisson","hmc_stan"
219423,768,10,100,2,"poisson","hmc_stan"
24458,768,10,100,2,"poisson","hmc_stan"
113394,768,10,100,2,"poisson","hmc_stan"
269345,768,10,100,2,"poisson","hmc_stan"
507399,768,10,100,2,"poisson","hmc_stan"
368009,768,10,100,2,"poisson","hmc_stan"
85742,768,10,100,2,"poisson","hmc_stan"
983542,768,10,100,2,"poisson","hmc_stan"
23285,768,10,100,2,"poisson","hmc_stan"
628713,768,10,100,2,"poisson","hmc_stan"
15531,768,10,100,2,"poisson","hmc_stan"
145432,768,10,100,2,"poisson","hmc_stan"
526660,768,10,100,2,"poisson","hmc_stan"
541957,768,10,100,2,"poisson","hmc_stan"
804991,768,10,100,2,"poisson","hmc_stan"
603692,768,10,100,2,"poisson","hmc_stan"
216679,768,10,100,2,"poisson","hmc_stan"
622712,768,10,100,2,"poisson","hmc_stan"
288977,768,10,100,2,"poisson","hmc_stan"
666956,768,10,100,2,"poisson","hmc_stan"
760023,768,10,100,2,"poisson","hmc_stan"
306205,768,10,100,2,"poisson","hmc_stan"
575824,768,10,100,2,"poisson","hmc_stan"
112536,768,10,100,2,"poisson","hmc_stan"
949238,768,10,100,2,"poisson","hmc_stan"
642662,768,10,100,2,"poisson","hmc_stan"
430226,768,10,100,2,"poisson","hmc_stan"
546332,768,10,100,2,"poisson","hmc_stan"
358415,768,10,100,2,"poisson","hmc_stan"
87402,768,10,100,2,"poisson","hmc_stan"
984434,768,10,100,2,"poisson","hmc_stan"
19096,768,10,100,2,"poisson","hmc_stan"
448144,768,10,100,2,"poisson","hmc_stan"
270680,768,10,100,2,"poisson","hmc_stan"
94573,768,10,100,2,"poisson","hmc_stan"
472134,768,10,100,2,"poisson","hmc_stan"
745109,768,10,100,2,"poisson","hmc_stan"
284445,768,10,100,2,"poisson","hmc_stan"
536438,768,10,100,2,"poisson","hmc_stan"
766394,768,10,100,2,"poisson","hmc_stan"
672778,768,10,100,2,"poisson","hmc_stan"
846209,768,10,100,2,"poisson","hmc_stan"
706627,768,10,100,2,"poisson","hmc_stan"
73831,768,10,100,2,"poisson","hmc_stan"
947222,768,10,100,2,"poisson","hmc_stan"
416808,768,10,100,2,"poisson","hmc_stan"
906562,768,10,100,2,"poisson","hmc_stan"
186534,768,10,100,2,"poisson","hmc_stan"
460908,768,10,100,2,"poisson","hmc_stan"
262891,768,10,100,2,"poisson","hmc_stan"
649426,768,10,100,2,"poisson","hmc_stan"
250273,768,10,100,2,"poisson","hmc_stan"
780635,768,10,100,2,"poisson","hmc_stan"
927088,768,10,100,2,"poisson","hmc_stan"
657617,768,10,100,2,"poisson","hmc_stan"
752632,768,10,100,2,"poisson","hmc_stan"
489184,768,10,100,2,"poisson","hmc_stan"
146249,768,10,100,2,"poisson","hmc_stan"
909802,768,10,100,2,"poisson","hmc_stan"
527323,768,10,100,2,"poisson","hmc_stan"
771625,768,10,100,2,"poisson","hmc_stan"
54861,768,10,100,2,"poisson","hmc_stan"
327467,768,10,100,2,"poisson","hmc_stan"
416669,768,10,100,2,"poisson","hmc_stan"
230549,768,10,100,2,"poisson","hmc_stan"
126784,768,10,100,2,"poisson","hmc_stan"
197448,768,10,100,2,"poisson","hmc_stan"
472977,768,10,100,2,"poisson","hmc_stan"
90086,768,10,100,2,"poisson","hmc_stan"
544001,768,10,100,2,"poisson","hmc_stan"
744608,768,10,100,2,"poisson","hmc_stan"
566878,768,10,100,2,"poisson","hmc_stan"
360684,768,10,100,2,"poisson","hmc_stan"
284538,768,10,100,2,"poisson","hmc_stan"
519567,768,10,100,2,"poisson","hmc_stan"
848844,768,10,100,2,"poisson","hmc_stan"
138845,768,10,100,2,"poisson","hmc_stan"
777076,768,10,100,2,"poisson","hmc_stan"
514469,768,10,100,2,"poisson","hmc_stan"
132156,768,10,100,2,"poisson","hmc_stan"
4349,768,10,100,2,"poisson","hmc_stan"
317203,768,10,100,2,"poisson","hmc_stan"
15880,768,10,100,2,"poisson","hmc_stan"
139047,768,10,100,2,"poisson","hmc_stan"
862432,768,10,100,2,"poisson","hmc_stan"
608030,768,10,100,2,"poisson","hmc_stan"
46044,768,10,100,2,"poisson","hmc_stan"
569116,768,10,100,2,"poisson","hmc_stan"
306180,768,10,100,2,"poisson","hmc_stan"
840946,768,10,100,2,"poisson","hmc_stan"
98496,768,10,100,2,"poisson","hmc_stan"
588477,768,10,100,2,"poisson","hmc_stan"
254433,768,10,100,2,"poisson","hmc_stan"
131660,768,10,100,2,"poisson","hmc_stan"
544086,768,10,100,2,"poisson","hmc_stan"
631613,768,10,100,2,"poisson","hmc_stan"
954016,768,10,100,2,"poisson","hmc_stan"
337066,768,10,100,2,"poisson","hmc_stan"
925053,768,10,100,2,"poisson","hmc_stan"
94667,768,10,100,2,"poisson","hmc_stan"
582131,768,10,100,2,"poisson","hmc_stan"
742619,768,10,100,2,"poisson","hmc_stan"
296104,768,10,100,2,"poisson","hmc_stan"
758313,768,10,100,2,"poisson","hmc_stan"
599368,768,10,100,2,"poisson","hmc_stan"
990239,768,10,100,2,"poisson","hmc_stan"
166345,768,10,100,2,"poisson","hmc_stan"
293777,768,10,100,2,"poisson","hmc_stan"
520549,768,10,100,2,"poisson","hmc_stan"
690388,768,10,100,2,"poisson","hmc_stan"
898125,768,10,100,2,"poisson","hmc_stan"
329104,768,10,100,2,"poisson","hmc_stan"
319946,768,10,100,2,"poisson","hmc_stan"
473648,768,10,100,2,"poisson","hmc_stan"
295908,768,10,100,2,"poisson","hmc_stan"
642791,768,10,100,2,"poisson","hmc_stan"
796897,768,10,100,2,"poisson","hmc_stan"
825596,768,10,100,2,"poisson","hmc_stan"
638500,768,10,100,2,"poisson","hmc_stan"
837141,768,10,100,2,"poisson","hmc_stan"
674154,768,10,100,2,"poisson","hmc_stan"
276673,768,10,100,2,"poisson","hmc_stan"
810166,768,10,100,2,"poisson","hmc_stan"
298850,768,10,100,2,"poisson","hmc_stan"
456684,768,10,100,2,"poisson","hmc_stan"
321180,768,10,100,2,"poisson","hmc_stan"
7380,768,10,100,2,"poisson","hmc_stan"
909406,768,10,100,2,"poisson","hmc_stan"
768724,768,10,100,2,"poisson","hmc_stan"
6060,768,10,100,2,"poisson","hmc_stan"
70968,768,10,100,2,"poisson","hmc_stan"
799904,768,10,100,2,"poisson","hmc_stan"
646762,768,10,100,2,"poisson","hmc_stan"
437976,768,10,100,2,"poisson","hmc_stan"
746576,768,10,100,2,"poisson","hmc_stan"
488809,768,10,100,2,"poisson","hmc_stan"
477876,768,10,100,2,"poisson","hmc_stan"
826551,768,10,100,2,"poisson","hmc_stan"
567146,768,10,100,2,"poisson","hmc_stan"
978592,768,10,100,2,"poisson","hmc_stan"
884444,768,10,100,2,"poisson","hmc_stan"
465035,768,10,100,2,"poisson","hmc_stan"
796336,768,10,100,2,"poisson","hmc_stan"
674235,768,10,100,2,"poisson","hmc_stan"
902864,768,10,100,2,"poisson","hmc_stan"
542707,768,10,100,2,"poisson","hmc_stan"
100083,768,10,100,2,"poisson","hmc_stan"
784063,768,10,100,2,"poisson","hmc_stan"
174677,768,10,100,2,"poisson","hmc_stan"
631356,768,10,100,2,"poisson","hmc_stan"
643097,768,10,100,2,"poisson","hmc_stan"
156676,768,10,100,2,"poisson","hmc_stan"
495706,768,10,100,2,"poisson","hmc_stan"
364239,768,10,100,2,"poisson","hmc_stan"
277422,768,10,100,2,"poisson","hmc_stan"
375210,768,10,100,2,"poisson","hmc_stan"
822269,768,10,100,2,"poisson","hmc_stan"
197892,768,10,100,2,"poisson","hmc_stan"
462385,768,10,100,2,"poisson","hmc_stan"
732926,768,10,100,2,"poisson","hmc_stan"
835884,768,10,100,2,"poisson","hmc_stan"
935803,768,10,100,2,"poisson","hmc_stan"
184343,768,10,100,2,"poisson","hmc_stan"
243235,768,10,100,2,"poisson","hmc_stan"
593566,768,10,100,2,"poisson","hmc_stan"
457611,768,10,100,2,"poisson","hmc_stan"
239414,768,10,100,2,"poisson","hmc_stan"
253236,768,10,100,2,"poisson","hmc_stan"
95911,768,10,100,2,"poisson","hmc_stan"
506434,768,10,100,2,"poisson","hmc_stan"
795682,768,10,100,2,"poisson","hmc_stan"
56006,768,10,100,2,"poisson","hmc_stan"
719487,768,10,100,2,"poisson","hmc_stan"
731017,768,10,100,2,"poisson","hmc_stan"
87309,768,10,100,2,"poisson","hmc_stan"
933688,768,10,100,2,"poisson","hmc_stan"
624843,768,10,100,2,"poisson","hmc_stan"
901727,768,10,100,2,"poisson","hmc_stan"
396219,768,10,100,2,"poisson","hmc_stan"
749233,768,10,100,2,"poisson","hmc_stan"
118158,768,10,100,2,"poisson","hmc_stan"
166981,768,10,100,2,"poisson","hmc_stan"
574041,768,10,100,2,"poisson","hmc_stan"
592448,768,10,100,2,"poisson","hmc_stan"
693696,768,10,100,2,"poisson","hmc_stan"
202199,768,10,100,2,"poisson","hmc_stan"
521993,768,10,100,2,"poisson","hmc_stan"
813070,768,10,100,2,"poisson","hmc_stan"
915789,768,10,100,2,"poisson","hmc_stan"
946007,768,10,100,2,"poisson","hmc_stan"
813103,768,10,100,2,"poisson","hmc_stan"
549319,768,10,100,2,"poisson","hmc_stan"
69770,768,10,100,2,"poisson","hmc_stan"
62295,768,10,100,2,"poisson","hmc_stan"
977336,768,10,100,2,"poisson","hmc_stan"
570338,768,10,100,2,"poisson","hmc_stan"
816978,768,10,100,2,"poisson","hmc_stan"
601824,768,10,100,2,"poisson","hmc_stan"
735257,768,10,100,2,"poisson","hmc_stan"
798513,768,10,100,2,"poisson","hmc_stan"
899458,768,10,100,2,"poisson","hmc_stan"
273119,768,10,100,2,"poisson","hmc_stan"
81261,768,10,100,2,"poisson","hmc_stan"
28562,768,10,100,2,"poisson","hmc_stan"
530816,768,10,100,2,"poisson","hmc_stan"
909610,768,10,100,2,"poisson","hmc_stan"
42027,768,10,100,2,"poisson","hmc_stan"
441485,768,10,100,2,"poisson","hmc_stan"
779437,768,10,100,2,"poisson","hmc_stan"
241815,768,10,100,2,"poisson","hmc_stan"
561893,768,10,100,2,"poisson","hmc_stan"
537216,768,10,100,2,"poisson","hmc_stan"
304064,768,10,100,2,"poisson","hmc_stan"
333155,768,10,100,2,"poisson","hmc_stan"
602253,768,10,100,2,"poisson","hmc_stan"
972241,768,10,100,2,"poisson","hmc_stan"
884871,768,10,100,2,"poisson","hmc_stan"
195046,768,10,100,2,"poisson","hmc_stan"
668065,768,10,100,2,"poisson","hmc_stan"
909235,768,10,100,2,"poisson","hmc_stan"
626681,768,10,100,2,"poisson","hmc_stan"
724776,768,10,100,2,"poisson","hmc_stan"
866653,768,10,100,2,"poisson","hmc_stan"
604986,768,10,100,2,"poisson","hmc_stan"
991084,768,10,100,2,"poisson","hmc_stan"
865233,768,10,100,2,"poisson","hmc_stan"
769491,768,10,100,2,"poisson","hmc_stan"
535029,768,10,100,2,"poisson","hmc_stan"
183749,768,10,100,2,"poisson","hmc_stan"
890126,768,10,100,2,"poisson","hmc_stan"
775412,768,10,100,2,"poisson","hmc_stan"
66813,768,10,100,2,"poisson","hmc_stan"
904034,768,10,100,2,"poisson","hmc_stan"
837595,768,10,100,2,"poisson","hmc_stan"
672212,768,10,100,2,"poisson","hmc_stan"
29517,768,10,100,2,"poisson","hmc_stan"
197232,768,10,100,2,"poisson","hmc_stan"
138575,768,10,100,2,"poisson","hmc_stan"
147265,768,10,100,2,"poisson","hmc_stan"
928686,768,10,100,2,"poisson","hmc_stan"
501366,768,10,100,2,"poisson","hmc_stan"
637785,768,10,100,2,"poisson","hmc_stan"
77829,768,10,100,2,"poisson","hmc_stan"
392676,768,10,100,2,"poisson","hmc_stan"
689557,768,10,100,2,"poisson","hmc_stan"
584775,768,10,100,2,"poisson","hmc_stan"
832168,768,10,100,2,"poisson","hmc_stan"
308688,768,10,100,2,"poisson","hmc_stan"
696309,768,10,100,2,"poisson","hmc_stan"
715018,768,10,100,2,"poisson","hmc_stan"
133285,768,10,100,2,"poisson","hmc_stan"
324183,768,10,100,2,"poisson","hmc_stan"
384785,768,10,100,2,"poisson","hmc_stan"
744792,768,10,100,2,"poisson","hmc_stan"
972368,768,10,100,2,"poisson","hmc_stan"
885744,768,10,100,2,"poisson","hmc_stan"
9116,768,10,100,2,"poisson","hmc_stan"
662542,768,10,100,2,"poisson","hmc_stan"
335100,768,10,100,2,"poisson","hmc_stan"
525622,768,10,100,2,"poisson","hmc_stan"
420614,768,10,100,2,"poisson","hmc_stan"
902456,768,10,100,2,"poisson","hmc_stan"
859803,768,10,100,2,"poisson","hmc_stan"
852367,768,10,100,2,"poisson","hmc_stan"
280537,768,10,100,2,"poisson","hmc_stan"
792957,768,10,100,2,"poisson","hmc_stan"
415956,768,10,100,2,"poisson","hmc_stan"
390151,768,10,100,2,"poisson","hmc_stan"
339875,768,10,100,2,"poisson","hmc_stan"
43263,768,10,100,2,"poisson","hmc_stan"
653433,768,10,100,2,"poisson","hmc_stan"
597579,768,10,100,2,"poisson","hmc_stan"
90539,768,10,100,2,"poisson","hmc_stan"
716202,768,10,100,2,"poisson","hmc_stan"
989109,768,10,100,2,"poisson","hmc_stan"
681563,768,10,100,2,"poisson","hmc_stan"
362807,768,10,100,2,"poisson","hmc_stan"
889647,768,10,100,2,"poisson","hmc_stan"
373882,768,10,100,2,"poisson","hmc_stan"
785445,768,10,100,2,"poisson","hmc_stan"
333811,768,10,100,2,"poisson","hmc_stan"
608502,768,10,100,2,"poisson","hmc_stan"
408994,768,10,100,2,"poisson","hmc_stan"
7507,768,10,100,2,"poisson","hmc_stan"
477466,768,10,100,2,"poisson","hmc_stan"
404261,768,10,100,2,"poisson","hmc_stan"
354752,768,10,100,2,"poisson","hmc_stan"
224294,768,10,100,2,"poisson","hmc_stan"
682014,768,10,100,2,"poisson","hmc_stan"
338979,768,10,100,2,"poisson","hmc_stan"
475159,768,10,100,2,"poisson","hmc_stan"
79813,768,10,100,2,"poisson","hmc_stan"
16673,768,10,100,2,"poisson","hmc_stan"
435312,768,10,100,2,"poisson","hmc_stan"
158035,768,10,100,2,"poisson","hmc_stan"
581120,768,10,100,2,"poisson","hmc_stan"
302143,768,10,100,2,"poisson","hmc_stan"
272684,768,10,100,2,"poisson","hmc_stan"
985949,768,10,100,2,"poisson","hmc_stan"
17269,768,10,100,2,"poisson","hmc_stan"
627081,768,10,100,2,"poisson","hmc_stan"
324359,768,10,100,2,"poisson","hmc_stan"
100783,768,10,100,2,"poisson","hmc_stan"
903419,768,10,100,2,"poisson","hmc_stan"
980665,768,10,100,2,"poisson","hmc_stan"
596998,768,10,100,2,"poisson","hmc_stan"
708786,768,10,100,2,"poisson","hmc_stan"
368946,768,10,100,2,"poisson","hmc_stan"
977299,768,10,100,2,"poisson","hmc_stan"
364319,768,10,100,2,"poisson","hmc_stan"
386633,768,10,100,2,"poisson","hmc_stan"
344514,768,10,100,2,"poisson","hmc_stan"
684561,768,10,100,2,"poisson","hmc_stan"
980961,768,10,100,2,"poisson","hmc_stan"
83977,768,10,100,2,"poisson","hmc_stan"
230334,768,10,100,2,"poisson","hmc_stan"
821537,768,10,100,2,"poisson","hmc_stan"
30180,768,10,100,2,"poisson","hmc_stan"
206087,768,10,100,2,"poisson","hmc_stan"
512798,768,10,100,2,"poisson","hmc_stan"
257890,768,10,100,2,"poisson","hmc_stan"
648092,768,10,100,2,"poisson","hmc_stan"
931270,768,10,100,2,"poisson","hmc_stan"
80252,768,10,100,2,"poisson","hmc_stan"
173204,768,10,100,2,"poisson","hmc_stan"
366120,768,10,100,2,"poisson","hmc_stan"
120132,768,10,100,2,"poisson","hmc_stan"
148337,768,10,100,2,"poisson","hmc_stan"
785717,768,10,100,2,"poisson","hmc_stan"
515384,768,10,100,2,"poisson","hmc_stan"
212876,768,10,100,2,"poisson","hmc_stan"
715922,768,10,100,2,"poisson","hmc_stan"
838320,768,10,100,2,"poisson","hmc_stan"
367283,768,10,100,2,"poisson","hmc_stan"
981911,768,10,100,2,"poisson","hmc_stan"
376769,768,10,100,2,"poisson","hmc_stan"
965641,768,10,100,2,"poisson","hmc_stan"
302360,768,10,100,2,"poisson","hmc_stan"
652398,768,10,100,2,"poisson","hmc_stan"
154861,768,10,100,2,"poisson","hmc_stan"
461641,768,10,100,2,"poisson","hmc_stan"
167826,768,10,100,2,"poisson","hmc_stan"
770021,768,10,100,2,"poisson","hmc_stan"
294510,768,10,100,2,"poisson","hmc_stan"
871391,768,10,100,2,"poisson","hmc_stan"
688995,768,10,100,2,"poisson","hmc_stan"
785797,768,10,100,2,"poisson","hmc_stan"
407787,768,10,100,2,"poisson","hmc_stan"
775002,768,10,100,2,"poisson","hmc_stan"
838963,768,10,100,2,"poisson","hmc_stan"
376861,768,10,100,2,"poisson","hmc_stan"
150738,768,10,100,2,"poisson","hmc_stan"
6334,768,10,100,2,"poisson","hmc_stan"
491609,768,10,100,2,"poisson","hmc_stan"
469819,768,10,100,2,"poisson","hmc_stan"
857275,768,10,100,2,"poisson","hmc_stan"
176780,768,10,100,2,"poisson","hmc_stan"
559830,768,10,100,2,"poisson","hmc_stan"
891041,768,10,100,2,"poisson","hmc_stan"
773961,768,10,100,2,"poisson","hmc_stan"
572395,768,10,100,2,"poisson","hmc_stan"
228572,768,10,100,2,"poisson","hmc_stan"
798627,768,10,100,2,"poisson","hmc_stan"
279507,768,10,100,2,"poisson","hmc_stan"
748338,768,10,100,2,"poisson","hmc_stan"
369890,768,10,100,2,"poisson","hmc_stan"
86225,768,10,100,2,"poisson","hmc_stan"
298081,768,10,100,2,"poisson","hmc_stan"
746627,768,10,100,2,"poisson","hmc_stan"
893591,768,10,100,2,"poisson","hmc_stan"
765701,768,10,100,2,"poisson","hmc_stan"
869384,768,10,100,2,"poisson","hmc_stan"
615162,768,10,100,2,"poisson","hmc_stan"
829379,768,10,100,2,"poisson","hmc_stan"
174849,768,10,100,2,"poisson","hmc_stan"
787268,768,10,100,2,"poisson","hmc_stan"
893544,768,10,100,2,"poisson","hmc_stan"
941492,768,10,100,2,"poisson","hmc_stan"
45516,768,10,100,2,"poisson","hmc_stan"
592730,768,10,100,2,"poisson","hmc_stan"
930327,768,10,100,2,"poisson","hmc_stan"
144939,768,10,100,2,"poisson","hmc_stan"
861903,768,10,100,2,"poisson","hmc_stan"
229078,768,10,100,2,"poisson","hmc_stan"
375959,768,10,100,2,"poisson","hmc_stan"
229355,768,10,100,2,"poisson","hmc_stan"
968726,768,10,100,2,"poisson","hmc_stan"
131519,768,10,100,2,"poisson","hmc_stan"
608662,768,10,100,2,"poisson","hmc_stan"
283875,768,10,100,2,"poisson","hmc_stan"
263435,768,10,100,2,"poisson","hmc_stan"
950290,768,10,100,2,"poisson","hmc_stan"
820294,768,10,100,2,"poisson","hmc_stan"
452395,768,10,100,2,"poisson","hmc_stan"
583059,768,10,100,2,"poisson","hmc_stan"
344996,768,10,100,2,"poisson","hmc_stan"
27775,768,10,100,2,"poisson","hmc_stan"
460099,768,10,100,2,"poisson","hmc_stan"
384839,768,10,100,2,"poisson","hmc_stan"
108809,768,10,100,2,"poisson","hmc_stan"
50850,768,10,100,2,"poisson","hmc_stan"
730200,768,10,100,2,"poisson","hmc_stan"
270369,768,10,100,2,"poisson","hmc_stan"
16662,768,10,100,2,"poisson","hmc_stan"
324911,768,10,100,2,"poisson","hmc_stan"
930237,768,10,100,2,"poisson","hmc_stan"
912125,768,10,100,2,"poisson","hmc_stan"
51573,768,10,100,2,"poisson","hmc_stan"
70321,768,10,100,2,"poisson","hmc_stan"
839702,768,10,100,2,"poisson","hmc_stan"
540648,768,10,100,2,"poisson","hmc_stan"
754962,768,10,100,2,"poisson","hmc_stan"
578191,768,10,100,2,"poisson","hmc_stan"
119693,768,10,100,2,"poisson","hmc_stan"
329905,768,10,100,2,"poisson","hmc_stan"
899781,768,10,100,2,"poisson","hmc_stan"
228221,768,10,100,2,"poisson","hmc_stan"
309357,768,10,100,2,"poisson","hmc_stan"
770441,768,10,100,2,"poisson","hmc_stan"
968572,768,10,100,2,"poisson","hmc_stan"
682258,768,10,100,2,"poisson","hmc_stan"
356061,768,10,100,2,"poisson","hmc_stan"
595717,768,10,100,2,"poisson","hmc_stan"
817538,768,10,100,2,"poisson","hmc_stan"
604016,768,10,100,2,"poisson","hmc_stan"
387205,768,10,100,2,"poisson","hmc_stan"
949236,768,10,100,2,"poisson","hmc_stan"
341324,768,10,100,2,"poisson","hmc_stan"
837643,768,10,100,2,"poisson","hmc_stan"
17786,768,10,100,2,"poisson","hmc_stan"
364097,768,10,100,2,"poisson","hmc_stan"
813877,768,10,100,2,"poisson","hmc_stan"
440900,768,10,100,2,"poisson","hmc_stan"
262032,768,10,100,2,"poisson","hmc_stan"
391707,768,10,100,2,"poisson","hmc_stan"
498096,768,10,100,2,"poisson","hmc_stan"
890521,768,10,100,2,"poisson","hmc_stan"
551154,768,10,100,2,"poisson","hmc_stan"
341600,768,10,100,2,"poisson","hmc_stan"
454307,768,10,100,2,"poisson","hmc_stan"
137407,768,10,100,2,"poisson","hmc_stan"
869679,768,10,100,2,"poisson","hmc_stan"
720497,768,10,100,2,"poisson","hmc_stan"
727960,768,10,100,2,"poisson","hmc_stan"
833706,768,10,100,2,"poisson","hmc_stan"
659684,768,10,100,2,"poisson","hmc_stan"
752428,768,10,100,2,"poisson","hmc_stan"
203411,768,10,100,2,"poisson","hmc_stan"
851548,768,10,100,2,"poisson","hmc_stan"
121748,768,10,100,2,"poisson","hmc_stan"
564892,768,10,100,2,"poisson","hmc_stan"
830860,768,10,100,2,"poisson","hmc_stan"
41138,768,10,100,2,"poisson","hmc_stan"
94102,768,10,100,2,"poisson","hmc_stan"
639974,768,10,100,2,"poisson","hmc_stan"
680855,768,10,100,2,"poisson","hmc_stan"
864641,768,10,100,2,"poisson","hmc_stan"
282961,768,10,100,2,"poisson","hmc_stan"
762209,768,10,100,2,"poisson","hmc_stan"
414318,768,10,100,2,"poisson","hmc_stan"
247170,768,10,100,2,"poisson","hmc_stan"
468189,768,10,100,2,"poisson","hmc_stan"
785310,768,10,100,2,"poisson","hmc_stan"
216355,768,10,100,2,"poisson","hmc_stan"
906396,768,10,100,2,"poisson","hmc_stan"
489715,768,10,100,2,"poisson","hmc_stan"
976881,768,10,100,2,"poisson","hmc_stan"
266973,768,10,100,2,"poisson","hmc_stan"
900079,768,10,100,2,"poisson","hmc_stan"
270981,768,10,100,2,"poisson","hmc_stan"
546219,768,10,100,2,"poisson","hmc_stan"
845502,768,10,100,2,"poisson","hmc_stan"
824531,768,10,100,2,"poisson","hmc_stan"
846500,768,10,100,2,"poisson","hmc_stan"
908111,768,10,100,2,"poisson","hmc_stan"
943568,768,10,100,2,"poisson","hmc_stan"
836258,768,10,100,2,"poisson","hmc_stan"
258204,768,10,100,2,"poisson","hmc_stan"
743621,768,10,100,2,"poisson","hmc_stan"
240765,768,10,100,2,"poisson","hmc_stan"
842437,768,10,100,2,"poisson","hmc_stan"
808238,768,10,100,2,"poisson","hmc_stan"
53572,768,10,100,2,"poisson","hmc_stan"
181322,768,10,100,2,"poisson","hmc_stan"
398738,768,10,100,2,"poisson","hmc_stan"
825676,768,10,100,2,"poisson","hmc_stan"
971135,768,10,100,2,"poisson","hmc_stan"
3213,768,10,100,2,"poisson","hmc_stan"
757987,768,10,100,2,"poisson","hmc_stan"
495813,768,10,100,2,"poisson","hmc_stan"
246279,768,10,100,2,"poisson","hmc_stan"
479391,768,10,100,2,"poisson","hmc_stan"
367562,768,10,100,2,"poisson","hmc_stan"
94444,768,10,100,2,"poisson","hmc_stan"
153426,768,10,100,2,"poisson","hmc_stan"
14582,768,10,100,2,"poisson","hmc_stan"
949917,768,10,100,2,"poisson","hmc_stan"
474593,768,10,100,2,"poisson","hmc_stan"
39868,768,10,100,2,"poisson","hmc_stan"
24413,768,10,100,2,"poisson","hmc_stan"
963656,768,10,100,2,"poisson","hmc_stan"
54920,768,10,100,2,"poisson","hmc_stan"
81050,768,10,100,2,"poisson","hmc_stan"
117641,768,10,100,2,"poisson","hmc_stan"
935658,768,10,100,2,"poisson","hmc_stan"
296633,768,10,100,2,"poisson","hmc_stan"
986903,768,10,100,2,"poisson","hmc_stan"
293800,768,10,100,2,"poisson","hmc_stan"
673060,768,10,100,2,"poisson","hmc_stan"
244666,768,10,100,2,"poisson","hmc_stan"
558469,768,10,100,2,"poisson","hmc_stan"
382232,768,10,100,2,"poisson","hmc_stan"
378965,768,10,100,2,"poisson","hmc_stan"
677520,768,10,100,2,"poisson","hmc_stan"
914893,768,10,100,2,"poisson","hmc_stan"
965809,768,10,100,2,"poisson","hmc_stan"
939016,768,10,100,2,"poisson","hmc_stan"
191520,768,10,100,2,"poisson","hmc_stan"
483023,768,10,100,2,"poisson","hmc_stan"
373431,768,10,100,2,"poisson","hmc_stan"
158790,768,10,100,2,"poisson","hmc_stan"
949231,768,10,100,2,"poisson","hmc_stan"
879138,768,10,100,2,"poisson","hmc_stan"
659213,768,10,100,2,"poisson","hmc_stan"
551064,768,10,100,2,"poisson","hmc_stan"
965715,768,10,100,2,"poisson","hmc_stan"
467574,768,10,100,2,"poisson","hmc_stan"
837411,768,10,100,2,"poisson","hmc_stan"
596326,768,10,100,2,"poisson","hmc_stan"
173670,768,10,100,2,"poisson","hmc_stan"
319913,768,10,100,2,"poisson","hmc_stan"
286862,768,10,100,2,"poisson","hmc_stan"
519461,768,10,100,2,"poisson","hmc_stan"
960837,768,10,100,2,"poisson","hmc_stan"
998259,768,10,100,2,"poisson","hmc_stan"
210888,768,10,100,2,"poisson","hmc_stan"
841145,768,10,100,2,"poisson","hmc_stan"
879810,768,10,100,2,"poisson","hmc_stan"
320460,768,10,100,2,"poisson","hmc_stan"
888154,768,10,100,2,"poisson","hmc_stan"
691204,768,10,100,2,"poisson","hmc_stan"
658177,768,10,100,2,"poisson","hmc_stan"
128311,768,10,100,2,"poisson","hmc_stan"
246348,768,10,100,2,"poisson","hmc_stan"
97208,768,10,100,2,"poisson","hmc_stan"
868550,768,10,100,2,"poisson","hmc_stan"
186200,768,10,100,2,"poisson","hmc_stan"
464109,768,10,100,2,"poisson","hmc_stan"
255214,768,10,100,2,"poisson","hmc_stan"
263026,768,10,100,2,"poisson","hmc_stan"
393878,768,10,100,2,"poisson","hmc_stan"
674087,768,10,100,2,"poisson","hmc_stan"
33639,768,10,100,2,"poisson","hmc_stan"
685712,768,10,100,2,"poisson","hmc_stan"
589871,768,10,100,2,"poisson","hmc_stan"
821855,768,10,100,2,"poisson","hmc_stan"
757306,768,10,100,2,"poisson","hmc_stan"
828490,768,10,100,2,"poisson","hmc_stan"
900202,768,10,100,2,"poisson","hmc_stan"
457287,768,10,100,2,"poisson","hmc_stan"
87227,768,10,100,2,"poisson","hmc_stan"
724331,768,10,100,2,"poisson","hmc_stan"
526094,768,10,100,2,"poisson","hmc_stan"
620888,768,10,100,2,"poisson","hmc_stan"
712440,768,10,100,2,"poisson","hmc_stan"
385964,768,10,100,2,"poisson","hmc_stan"
571134,768,10,100,2,"poisson","hmc_stan"
147288,768,10,100,2,"poisson","hmc_stan"
29745,768,10,100,2,"poisson","hmc_stan"
760959,768,10,100,2,"poisson","hmc_stan"
989650,768,10,100,2,"poisson","hmc_stan"
436784,768,10,100,2,"poisson","hmc_stan"
791090,768,10,100,2,"poisson","hmc_stan"
176725,768,10,100,2,"poisson","hmc_stan"
485603,768,10,100,2,"poisson","hmc_stan"
688711,768,10,100,2,"poisson","hmc_stan"
187427,768,10,100,2,"poisson","hmc_stan"
209259,768,10,100,2,"poisson","hmc_stan"
679934,768,10,100,2,"poisson","hmc_stan"
402910,768,10,100,2,"poisson","hmc_stan"
954758,768,10,100,2,"poisson","hmc_stan"
618434,768,10,100,2,"poisson","hmc_stan"
951909,768,10,100,2,"poisson","hmc_stan"
150695,768,10,100,2,"poisson","hmc_stan"
569987,768,10,100,2,"poisson","hmc_stan"
478279,768,10,100,2,"poisson","hmc_stan"
306982,768,10,100,2,"poisson","hmc_stan"
884833,768,10,100,2,"poisson","hmc_stan"
541390,768,10,100,2,"poisson","hmc_stan"
421794,768,10,100,2,"poisson","hmc_stan"
119073,768,10,100,2,"poisson","hmc_stan"
670841,768,10,100,2,"poisson","hmc_stan"
798031,768,10,100,2,"poisson","hmc_stan"
152074,768,10,100,2,"poisson","hmc_stan"
602534,768,10,100,2,"poisson","hmc_stan"
252845,768,10,100,2,"poisson","hmc_stan"
163187,768,10,100,2,"poisson","hmc_stan"
138320,768,10,100,2,"poisson","hmc_stan"
986413,768,10,100,2,"poisson","hmc_stan"
270117,768,10,100,2,"poisson","hmc_stan"
278981,768,10,100,2,"poisson","hmc_stan"
942437,768,10,100,2,"poisson","hmc_stan"
182189,768,10,100,2,"poisson","hmc_stan"
874632,768,10,100,2,"poisson","hmc_stan"
184859,768,10,100,2,"poisson","hmc_stan"
423544,768,10,100,2,"poisson","hmc_stan"
298186,768,10,100,2,"poisson","hmc_stan"
125748,768,10,100,2,"poisson","hmc_stan"
601762,768,10,100,2,"poisson","hmc_stan"
337164,768,10,100,2,"poisson","hmc_stan"
412475,768,10,100,2,"poisson","hmc_stan"
919538,768,10,100,2,"poisson","hmc_stan"
937496,768,10,100,2,"poisson","hmc_stan"
506414,768,10,100,2,"poisson","hmc_stan"
106432,768,10,100,2,"poisson","hmc_stan"
254737,768,10,100,2,"poisson","hmc_stan"
894256,768,10,100,2,"poisson","hmc_stan"
22132,768,10,100,2,"poisson","hmc_stan"
403539,768,10,100,2,"poisson","hmc_stan"
384561,768,10,100,2,"poisson","hmc_stan"
266505,768,10,100,2,"poisson","hmc_stan"
56929,768,10,100,2,"poisson","hmc_stan"
155121,768,10,100,2,"poisson","hmc_stan"
418991,768,10,100,2,"poisson","hmc_stan"
478897,768,10,100,2,"poisson","hmc_stan"
414772,768,10,100,2,"poisson","hmc_stan"
184515,768,10,100,2,"poisson","hmc_stan"
200246,768,10,100,2,"poisson","hmc_stan"
175812,768,10,100,2,"poisson","hmc_stan"
174303,768,10,100,2,"poisson","hmc_stan"
893917,768,10,100,2,"poisson","hmc_stan"
46317,768,10,100,2,"poisson","hmc_stan"
963251,768,10,100,2,"poisson","hmc_stan"
248098,768,10,100,2,"poisson","hmc_stan"
264645,768,10,100,2,"poisson","hmc_stan"
422979,768,10,100,2,"poisson","hmc_stan"
423789,768,10,100,2,"poisson","hmc_stan"
323374,768,10,100,2,"poisson","hmc_stan"
106878,768,10,100,2,"poisson","hmc_stan"
209709,768,10,100,2,"poisson","hmc_stan"
422833,768,10,100,2,"poisson","hmc_stan"
565197,768,10,100,2,"poisson","hmc_stan"
665642,768,10,100,2,"poisson","hmc_stan"
514359,768,10,100,2,"poisson","hmc_stan"
556546,768,10,100,2,"poisson","hmc_stan"
735496,768,10,100,2,"poisson","hmc_stan"
399039,768,10,100,2,"poisson","hmc_stan"
810281,768,10,100,2,"poisson","hmc_stan"
235402,768,10,100,2,"poisson","hmc_stan"
606540,768,10,100,2,"poisson","hmc_stan"
557363,768,10,100,2,"poisson","hmc_stan"
71007,768,10,100,2,"poisson","hmc_stan"
26885,768,10,100,2,"poisson","hmc_stan"
164656,768,10,100,2,"poisson","hmc_stan"
215609,768,10,100,2,"poisson","hmc_stan"
94119,768,10,100,2,"poisson","hmc_stan"
784615,768,10,100,2,"poisson","hmc_stan"
359075,768,10,100,2,"poisson","hmc_stan"
227936,768,10,100,2,"poisson","hmc_stan"
551412,768,10,100,2,"poisson","hmc_stan"
6159,768,10,100,2,"poisson","hmc_stan"
120936,768,10,100,2,"poisson","hmc_stan"
59274,768,10,100,2,"poisson","hmc_stan"
299974,768,10,100,2,"poisson","hmc_stan"
935782,768,10,100,2,"poisson","hmc_stan"
736965,768,10,100,2,"poisson","hmc_stan"
968118,768,10,100,2,"poisson","hmc_stan"
267921,768,10,100,2,"poisson","hmc_stan"
34013,768,10,100,2,"poisson","hmc_stan"
779220,768,10,100,2,"poisson","hmc_stan"
713000,768,10,100,2,"poisson","hmc_stan"
146017,768,10,100,2,"poisson","hmc_stan"
358501,768,10,100,2,"poisson","hmc_stan"
67707,768,10,100,2,"poisson","hmc_stan"
279259,768,10,100,2,"poisson","hmc_stan"
708379,768,10,100,2,"poisson","hmc_stan"
728092,768,10,100,2,"poisson","hmc_stan"
510910,768,10,100,2,"poisson","hmc_stan"
700552,768,10,100,2,"poisson","hmc_stan"
353618,768,10,100,2,"poisson","hmc_stan"
364765,768,10,100,2,"poisson","hmc_stan"
22669,768,10,100,2,"poisson","hmc_stan"
249862,768,10,100,2,"poisson","hmc_stan"
291537,768,10,100,2,"poisson","hmc_stan"
381194,768,10,100,2,"poisson","hmc_stan"
451916,768,10,100,2,"poisson","hmc_stan"
284923,768,10,100,2,"poisson","hmc_stan"
622244,768,10,100,2,"poisson","hmc_stan"
65107,768,10,100,2,"poisson","hmc_stan"
550630,768,10,100,2,"poisson","hmc_stan"
881652,768,10,100,2,"poisson","hmc_stan"
416056,768,10,100,2,"poisson","hmc_stan"
100912,768,10,100,2,"poisson","hmc_stan"
702824,768,10,100,2,"poisson","hmc_stan"
249635,768,10,100,2,"poisson","hmc_stan"
772666,768,10,100,2,"poisson","hmc_stan"
336105,768,10,100,2,"poisson","hmc_stan"
336831,768,10,100,2,"poisson","hmc_stan"
104288,768,10,100,2,"poisson","hmc_stan"
929960,768,10,100,2,"poisson","hmc_stan"
211987,768,10,100,2,"poisson","hmc_stan"
220294,768,10,100,2,"poisson","hmc_stan"
871578,768,10,100,2,"poisson","hmc_stan"
550838,768,10,100,2,"poisson","hmc_stan"
768588,768,10,100,2,"poisson","hmc_stan"
909232,768,10,100,2,"poisson","hmc_stan"
942676,768,10,100,2,"poisson","hmc_stan"
725280,768,10,100,2,"poisson","hmc_stan"
864153,768,10,100,2,"poisson","hmc_stan"
978545,768,10,100,2,"poisson","hmc_stan"
162754,768,10,100,2,"poisson","hmc_stan"
623783,768,10,100,2,"poisson","hmc_stan"
796706,768,10,100,2,"poisson","hmc_stan"
626030,768,10,100,2,"poisson","hmc_stan"
58251,768,10,100,2,"poisson","hmc_stan"
174219,768,10,100,2,"poisson","hmc_stan"
905352,768,10,100,2,"poisson","hmc_stan"
278373,768,10,100,2,"poisson","hmc_stan"
936630,768,10,100,2,"poisson","hmc_stan"
10237,768,10,100,2,"poisson","hmc_stan"
489916,768,10,100,2,"poisson","hmc_stan"
687700,768,10,100,2,"poisson","hmc_stan"
270793,768,10,100,2,"poisson","hmc_stan"
78817,768,10,100,2,"poisson","hmc_stan"
543933,768,10,100,2,"poisson","hmc_stan"
988012,768,10,100,2,"poisson","hmc_stan"
648412,768,10,100,2,"poisson","hmc_stan"
477944,768,10,100,2,"poisson","hmc_stan"
170713,768,10,100,2,"poisson","hmc_stan"
923288,768,10,100,2,"poisson","hmc_stan"
900197,768,10,100,2,"poisson","hmc_stan"
372959,768,10,100,2,"poisson","hmc_stan"
803808,768,10,100,2,"poisson","hmc_stan"
247551,768,10,100,2,"poisson","hmc_stan"
836335,768,10,100,2,"poisson","hmc_stan"
495229,768,10,100,2,"poisson","hmc_stan"
375883,768,10,100,2,"poisson","hmc_stan"
99606,768,10,100,2,"poisson","hmc_stan"
512460,768,10,100,2,"poisson","hmc_stan"
739922,768,10,100,2,"poisson","hmc_stan"
784789,768,10,100,2,"poisson","hmc_stan"
325147,768,10,100,2,"poisson","hmc_stan"
632277,768,10,100,2,"poisson","hmc_stan"
658799,768,10,100,2,"poisson","hmc_stan"
826776,768,10,100,2,"poisson","hmc_stan"
609521,768,10,100,2,"poisson","hmc_stan"
714565,768,10,100,2,"poisson","hmc_stan"
225968,768,10,100,2,"poisson","hmc_stan"
601378,768,10,100,2,"poisson","hmc_stan"
677246,768,10,100,2,"poisson","hmc_stan"
409401,768,10,100,2,"poisson","hmc_stan"
822460,768,10,100,2,"poisson","hmc_stan"
621267,768,10,100,2,"poisson","hmc_stan"
496048,768,10,100,2,"poisson","hmc_stan"
53879,768,10,100,2,"poisson","hmc_stan"
285071,768,10,100,2,"poisson","hmc_stan"
184571,768,10,100,2,"poisson","hmc_stan"
378833,768,10,100,2,"poisson","hmc_stan"
803135,768,10,100,2,"poisson","hmc_stan"
531666,768,10,100,2,"poisson","hmc_stan"
24854,768,10,100,2,"poisson","hmc_stan"
960139,768,10,100,2,"poisson","hmc_stan"
827810,768,10,100,2,"poisson","hmc_stan"
762833,768,10,100,2,"poisson","hmc_stan"
540907,768,10,100,2,"poisson","hmc_stan"
571829,768,10,100,2,"poisson","hmc_stan"
148038,768,10,100,2,"poisson","hmc_stan"
509507,768,10,100,2,"poisson","hmc_stan"
760252,768,10,100,2,"poisson","hmc_stan"
966646,768,10,100,2,"poisson","hmc_stan"
569015,768,10,100,2,"poisson","hmc_stan"
115550,768,10,100,2,"poisson","hmc_stan"
144778,768,10,100,2,"poisson","hmc_stan"
618907,768,10,100,2,"poisson","hmc_stan"
247801,768,10,100,2,"poisson","hmc_stan"
489727,768,10,100,2,"poisson","hmc_stan"
154977,768,10,100,2,"poisson","hmc_stan"
752702,768,10,100,2,"poisson","hmc_stan"
989288,768,10,100,2,"poisson","hmc_stan"
288112,768,10,100,2,"poisson","hmc_stan"
120589,768,10,100,2,"poisson","hmc_stan"
297456,768,10,100,2,"poisson","hmc_stan"
16104,768,10,100,2,"poisson","hmc_stan"
675239,768,10,100,2,"poisson","hmc_stan"
862959,768,10,100,2,"poisson","hmc_stan"
